serverId,characterId,characterName,level,jobId,jobGrowId,jobName,jobGrowName
cain,31981ee2213a4a254bf2321f890c0895,웨펀티거,43,41f1cdc2ff58bb5fdc287be0db2a8df3,df3870efe8e8754011cd12fa03cd275f,귀검사(남),웨펀마스터
cain,c641df949ea0ae2cebbec1db6d0529af,양손막기,110,1645c45aabb008c98406b3a16447040d,92da05ec93fb43406e193ffb9a2a629b,귀검사(여),眞 블레이드
cain,c3bb842515f763cdc90f814dec744045,루나버퍼,110,0c1b401bb09241570d364420b3ba3fd7,37495b941da3b1661bc900e68ef3b2c6,프리스트(여),眞 크루세이더
cain,d340f1d0b61034de356a15f3bddd126a,파옵,100,3909d0b188e9c95311399f776e331da5,faf8fc6f0cd4c0f84f0035e23bd4fa19,마법사(여),트릭스터
cain,c02601e2f33444b2130f9f3666b9475e,眞:트래드머,110,b9cb48777665de22c006fabaf9a560b3,618326026de1a1f1cfba5dbd0b8396e7,아처,眞 트래블러
cain,d054b122271748d825e3bb1b1315412f,헬버릭,110,f6a4ad30555b99b499c07835f87ce522,37495b941da3b1661bc900e68ef3b2c6,프리스트(남),眞 크루세이더
cain,df1a2acd593d7cf83d2e540dfd19ccc1,칭챙총챙이,110,986c2b3d72ee0e4a0b7fcfbe786d4e02,37495b941da3b1661bc900e68ef3b2c6,총검사,眞 히트맨
cain,3b4c6bc4be990faf32dd3c3e99ca9630,월아뮤즈,110,b9cb48777665de22c006fabaf9a560b3,37495b941da3b1661bc900e68ef3b2c6,아처,眞 뮤즈
cain,0d1793343951d96b9a3c395636d886e1,개구리탕수육,110,1645c45aabb008c98406b3a16447040d,c9b492038ee3ca8d27d7004cf58d59f3,귀검사(여),眞 베가본드
cain,87da52136f3446cd841a17e45d66655c,P메카닉,110,afdf3b989339de478e85b614d274d1ef,6d459bc74ba73ee4fe5cdc4655400193,거너(남),眞 메카닉
cain,21fe28f4bcd86d2fb784b31d5e191212,정병발,110,a7a059ebe9e6054c0644b40ef316d6e9,6d459bc74ba73ee4fe5cdc4655400193,격투가(여),眞 스트리트파이터
cain,ffb9dce8f6b68383245b1d18cb46a5bf,공깜,110,afdf3b989339de478e85b614d274d1ef,618326026de1a1f1cfba5dbd0b8396e7,거너(남),眞 런처
cain,70e052c046802c3755282ec88cbace4c,U런처,78,afdf3b989339de478e85b614d274d1ef,981d675414f83b926db5f54e5347eec0,거너(남),블래스터
cain,a998d3fe9ea7822306eab78a798d82b2,스파,31,944b9aab492c15a8474f96947ceeb9e4,4a1459a4fa3c7f59b6da2e43382ed0b9,거너(여),스핏파이어
cain,8c73e1673b9d17007a5cf0fcbb948005,천궄,110,17e417b31686389eebff6d754c3401ea,0a49d9c8b5e1358efff324e5cb11d41e,다크나이트,眞 다크나이트
cain,a87a239d7d134398b0d4a9579810d913,구라요원,110,986c2b3d72ee0e4a0b7fcfbe786d4e02,618326026de1a1f1cfba5dbd0b8396e7,총검사,眞 요원
casillas,d93bd59ba94e2efd84f9f7ecc91a1c19,메인님,110,0c1b401bb09241570d364420b3ba3fd7,37495b941da3b1661bc900e68ef3b2c6,프리스트(여),眞 크루세이더
casillas,21387b1b066009bb0e4b6e19e346d9d4,나비꽃,110,944b9aab492c15a8474f96947ceeb9e4,37495b941da3b1661bc900e68ef3b2c6,거너(여),眞 레인저
bakal,d6b83655428b887d14ea41fe5a26d579,요눈,110,986c2b3d72ee0e4a0b7fcfbe786d4e02,618326026de1a1f1cfba5dbd0b8396e7,총검사,眞 요원
siroco,6b51b243f41d90efd98744b4efbad4ae,자수체험,110,41f1cdc2ff58bb5fdc287be0db2a8df3,c9b492038ee3ca8d27d7004cf58d59f3,귀검사(남),眞 아수라
hilder,0fe59e17ad3a6333b6e0abfe9620cc3b,한효주,110,a7a059ebe9e6054c0644b40ef316d6e9,6d459bc74ba73ee4fe5cdc4655400193,격투가(여),眞 스트리트파이터
prey,d0eb6d6fb2bb8965d8fa43f9fbe5263b,짤랑이,110,3909d0b188e9c95311399f776e331da5,92da05ec93fb43406e193ffb9a2a629b,마법사(여),眞 인챈트리스
cain,bd8891e5cae91689283c39fc15530541,애로(배)우,110,b9cb48777665de22c006fabaf9a560b3,618326026de1a1f1cfba5dbd0b8396e7,아처,眞 트래블러
cain,6a4358132a4fd9b64354a2ebc5ccf392,쿠궁소마,110,1645c45aabb008c98406b3a16447040d,37495b941da3b1661bc900e68ef3b2c6,귀검사(여),眞 소드마스터
cain,ce4f829c9cc786d9f826e75dfc4b0aee,미라보,110,0c1b401bb09241570d364420b3ba3fd7,6d459bc74ba73ee4fe5cdc4655400193,프리스트(여),眞 무녀
cain,3e777499db934538ebf54d35cced08fe,K.U.O,110,ddc49e9ad1ff72a00b53c6cff5b1e920,c9b492038ee3ca8d27d7004cf58d59f3,도적,眞 섀도우댄서
cain,5e1a63da7de0a990c765346f18026d25,자깅,65,a5ccbaf5538981c6ef99b236c0a60b73,4ec01f4ae3728c080f28a72213b6df10,마법사(남),워록
cain,dd98654d5fa1e41c2c2ceebd415962e5,둉띠기방댕이,110,41f1cdc2ff58bb5fdc287be0db2a8df3,37495b941da3b1661bc900e68ef3b2c6,귀검사(남),眞 웨펀마스터
cain,d7406ff4c087c81eed8021f54d149249,오나의규슈이,69,b9cb48777665de22c006fabaf9a560b3,981d675414f83b926db5f54e5347eec0,아처,드리머
cain,ecb78649ff1771af77afade39900389f,솔이나1,110,afdf3b989339de478e85b614d274d1ef,37495b941da3b1661bc900e68ef3b2c6,거너(남),眞 레인저
cain,814fa25256ded5ab7e8190adf022b02f,로제파스타,95,944b9aab492c15a8474f96947ceeb9e4,8022a99e29b5e4845985fe1d79a233f3,거너(여),스톰트루퍼
cain,52bcfc6ec6a35808c9cc53b331943857,장미오락실,110,ca0f0e0e9e1d55b5f9955b03d9dd213c,618326026de1a1f1cfba5dbd0b8396e7,격투가(남),眞 스트라이커
cain,373ab470758a703e1595fe65820fed53,산호보초,110,afdf3b989339de478e85b614d274d1ef,6d459bc74ba73ee4fe5cdc4655400193,거너(남),眞 메카닉
cain,9d0cd19510c24db1f36877a51953773b,고블린전사,110,41f1cdc2ff58bb5fdc287be0db2a8df3,c9b492038ee3ca8d27d7004cf58d59f3,귀검사(남),眞 아수라
cain,c71c9d2173444c64826363dce714d910,뒷골목의온유,110,a7a059ebe9e6054c0644b40ef316d6e9,6d459bc74ba73ee4fe5cdc4655400193,격투가(여),眞 스트리트파이터
cain,36e38cbe522635cfbfdccf7d18d55f7b,달콤하쥬,110,f6a4ad30555b99b499c07835f87ce522,37495b941da3b1661bc900e68ef3b2c6,프리스트(남),眞 크루세이더
cain,0314537d478253de6491c567820d7742,공방저격수,100,a5ccbaf5538981c6ef99b236c0a60b73,6d459bc74ba73ee4fe5cdc4655400193,마법사(남),眞 블러드 메이지
cain,af81888f92d2e6de025f41b3307260eb,소환사의난,110,3909d0b188e9c95311399f776e331da5,618326026de1a1f1cfba5dbd0b8396e7,마법사(여),眞 소환사
cain,dedf05258c4b1e6febd4442cf0037110,씅검죄,110,1645c45aabb008c98406b3a16447040d,c9b492038ee3ca8d27d7004cf58d59f3,귀검사(여),眞 베가본드
cain,30e8deac0dbe711766ec568ff1e0b2f2,독과모래,64,ca0f0e0e9e1d55b5f9955b03d9dd213c,460822c3780a9bc3fbe9485cc89c44a4,격투가(남),천수나한
cain,a9a7109108d3623db15d66290c34ace4,트롱,110,a5ccbaf5538981c6ef99b236c0a60b73,37495b941da3b1661bc900e68ef3b2c6,마법사(남),眞 엘레멘탈 바머
prey,52944aa9773e0a3a93b26ab370fd3015,검소월,110,1645c45aabb008c98406b3a16447040d,c9b492038ee3ca8d27d7004cf58d59f3,귀검사(여),眞 베가본드
prey,eb1186e23d349a6e47c6a59643fb9502,땡조트리스,50,0c1b401bb09241570d364420b3ba3fd7,4a1459a4fa3c7f59b6da2e43382ed0b9,프리스트(여),미스트리스
prey,0952756b603138cf8cafcd9b246a8fbc,채찍후려치자,81,1645c45aabb008c98406b3a16447040d,15ce2751ab9c8302f39636cdb7c3dcfa,귀검사(여),디어사이드
casillas,2e6ae40951316140469dbaea874095c7,트븜랜드,51,b9cb48777665de22c006fabaf9a560b3,981d675414f83b926db5f54e5347eec0,아처,드리머
casillas,04a69c2eb8e05f081de6daa5ce60100a,욕,110,41f1cdc2ff58bb5fdc287be0db2a8df3,37495b941da3b1661bc900e68ef3b2c6,귀검사(남),眞 웨펀마스터
casillas,7be6931e0b3db270e0231e36708f5c64,퍼플크라운,110,41f1cdc2ff58bb5fdc287be0db2a8df3,92da05ec93fb43406e193ffb9a2a629b,귀검사(남),眞 검귀
hilder,da1c51c212999508816c8651125e4859,박테로신연고,75,afdf3b989339de478e85b614d274d1ef,80ec67d0356defa46a989914caca5820,거너(남),레이븐
hilder,98495e70f1442d7c5895c1bb24b2cf73,일도짱,110,afdf3b989339de478e85b614d274d1ef,618326026de1a1f1cfba5dbd0b8396e7,거너(남),眞 런처
anton,2a6b6836690aa531e7641afda3f4180d,뮤지무지,56,b9cb48777665de22c006fabaf9a560b3,4ec01f4ae3728c080f28a72213b6df10,아처,헤드라이너
bakal,0718f07f3d699341084e14a912586616,대충옵티란뜻,110,944b9aab492c15a8474f96947ceeb9e4,6d459bc74ba73ee4fe5cdc4655400193,거너(여),眞 메카닉
bakal,df2fb8153a7efc662d6b03216f9727c7,배크로가,81,f6a4ad30555b99b499c07835f87ce522,80ec67d0356defa46a989914caca5820,프리스트(남),세인트
anton,15336c23a9170dfdf432a2536d9f9a98,투창하는남자,110,3deb7be5f01953ac8b1ecaa1e25e0420,6d459bc74ba73ee4fe5cdc4655400193,마창사,眞 드래고니안 랜서
anton,6e4d92a009cca02cc61512bf4b2c5fa0,테라캐는팔라,100,0ee8fa5dc525c1a1f23fc6911e921e4a,6d459bc74ba73ee4fe5cdc4655400193,나이트,眞 팔라딘
anton,a26e3002e7e7e7b0367fef70e8640ce4,진세랍,51,0c1b401bb09241570d364420b3ba3fd7,4ec01f4ae3728c080f28a72213b6df10,프리스트(여),에반젤리스트
hilder,b7caf673f918c0ea34b99229a66f7acc,워리어Liam,110,0c1b401bb09241570d364420b3ba3fd7,37495b941da3b1661bc900e68ef3b2c6,프리스트(여),眞 크루세이더
hilder,3c1776b44c07bc0110d77c86f41d20f7,오혜민7,110,944b9aab492c15a8474f96947ceeb9e4,6d459bc74ba73ee4fe5cdc4655400193,거너(여),眞 메카닉
hilder,51bd5759d7cfccb3c437326bfebb8de9,쩔캐리,110,41f1cdc2ff58bb5fdc287be0db2a8df3,c9b492038ee3ca8d27d7004cf58d59f3,귀검사(남),眞 아수라
casillas,10997ce0dbbcc60c6ee3114c90ff8e9f,도궁수,110,b9cb48777665de22c006fabaf9a560b3,618326026de1a1f1cfba5dbd0b8396e7,아처,眞 트래블러
casillas,e62e860638d8590d3b8e623479b18d45,블러드트래,100,b9cb48777665de22c006fabaf9a560b3,618326026de1a1f1cfba5dbd0b8396e7,아처,眞 트래블러
casillas,851828bb6a9d0ac530a2dcd6f37859c2,예주,110,a7a059ebe9e6054c0644b40ef316d6e9,37495b941da3b1661bc900e68ef3b2c6,격투가(여),眞 넨마스터
casillas,841e753d6ecac9d07af81aac074bb5fa,문은하,110,0ee8fa5dc525c1a1f23fc6911e921e4a,6d459bc74ba73ee4fe5cdc4655400193,나이트,眞 팔라딘
casillas,1bb9aa6f32278766dc690773597a3577,워썰,110,afdf3b989339de478e85b614d274d1ef,92da05ec93fb43406e193ffb9a2a629b,거너(남),眞 어썰트
casillas,359baf74adf1697d55ad5cbf648744fb,할렐루라,110,f6a4ad30555b99b499c07835f87ce522,37495b941da3b1661bc900e68ef3b2c6,프리스트(남),眞 크루세이더
casillas,19156592734cea327ed9725a0cce6ab4,피맛좋당,110,41f1cdc2ff58bb5fdc287be0db2a8df3,6d459bc74ba73ee4fe5cdc4655400193,귀검사(남),眞 버서커
casillas,7d0d3e1cbb9317a51fc5ee039ee22256,티버잡아,56,3909d0b188e9c95311399f776e331da5,4ec01f4ae3728c080f28a72213b6df10,마법사(여),아크메이지
casillas,84f24303642bb9acf227d76978d1ae1c,트레쁜,110,b9cb48777665de22c006fabaf9a560b3,618326026de1a1f1cfba5dbd0b8396e7,아처,眞 트래블러
casillas,06f1ec354451fb8609220a40c5e2dfb0,춤추는꽈베기,51,3909d0b188e9c95311399f776e331da5,a59ba19824dc3292b6075e29b3862ad3,마법사(여),인챈트리스
casillas,f709b90f9f0a22b6c2c40c803a091a3a,초딩잼민박살,110,afdf3b989339de478e85b614d274d1ef,37495b941da3b1661bc900e68ef3b2c6,거너(남),眞 레인저
prey,e6178e25c75b51fad0e135fc85debe92,칠판이,110,41f1cdc2ff58bb5fdc287be0db2a8df3,37495b941da3b1661bc900e68ef3b2c6,귀검사(남),眞 웨펀마스터
prey,edd945a2a59851ef7787c5369c05d3de,타국인,110,17e417b31686389eebff6d754c3401ea,0a49d9c8b5e1358efff324e5cb11d41e,다크나이트,眞 다크나이트
prey,d437c3df32e8daf19276ac552d786a47,이슈넨마,110,a7a059ebe9e6054c0644b40ef316d6e9,37495b941da3b1661bc900e68ef3b2c6,격투가(여),眞 넨마스터
prey,d147c61b0b16e4169c4db9007eb845bf,뮤즈클로버,110,b9cb48777665de22c006fabaf9a560b3,37495b941da3b1661bc900e68ef3b2c6,아처,眞 뮤즈
prey,218d4fd06283dc3cc984545b567e2090,인파입니당,110,f6a4ad30555b99b499c07835f87ce522,618326026de1a1f1cfba5dbd0b8396e7,프리스트(남),眞 인파이터
prey,0843b5169d77fb7c9efd379d62c1e246,전투사격,110,afdf3b989339de478e85b614d274d1ef,37495b941da3b1661bc900e68ef3b2c6,거너(남),眞 레인저
prey,a25d3ca1c74260122e0eca882b35c13f,이그리짝퉁,110,41f1cdc2ff58bb5fdc287be0db2a8df3,92da05ec93fb43406e193ffb9a2a629b,귀검사(남),眞 검귀
prey,c6f9476eec40ba8f94e4f9061c98998a,앤마이아,110,1645c45aabb008c98406b3a16447040d,92da05ec93fb43406e193ffb9a2a629b,귀검사(여),眞 블레이드
prey,c08c4ff7ace37e200eb1f0635c108f76,뮤즈딸내미,110,b9cb48777665de22c006fabaf9a560b3,37495b941da3b1661bc900e68ef3b2c6,아처,眞 뮤즈
prey,9b7abcdaae49068b6303aa79a2f80ee1,하나비,110,41f1cdc2ff58bb5fdc287be0db2a8df3,6d459bc74ba73ee4fe5cdc4655400193,귀검사(남),眞 버서커
prey,6198466699d5c6909cf0d001be398a36,훠거거든,110,b9cb48777665de22c006fabaf9a560b3,618326026de1a1f1cfba5dbd0b8396e7,아처,眞 트래블러
prey,b619f56c1b5402252c88fe0aa775e6b3,홍지니어,110,ca0f0e0e9e1d55b5f9955b03d9dd213c,6d459bc74ba73ee4fe5cdc4655400193,격투가(남),眞 스트리트파이터
prey,868419d75172e39963083fd0fc4d41c8,차이나는모기,100,41f1cdc2ff58bb5fdc287be0db2a8df3,6d459bc74ba73ee4fe5cdc4655400193,귀검사(남),眞 버서커
prey,98e42e3cd97044d85181a8b54f92158b,잡아보입시다,86,ca0f0e0e9e1d55b5f9955b03d9dd213c,64bbd751c0fcae0e74758b871a2296c1,격투가(남),그랜드 마스터
siroco,12e3bb107bf3dc5ebbf1e918307632cc,나무대장,110,afdf3b989339de478e85b614d274d1ef,37495b941da3b1661bc900e68ef3b2c6,거너(남),眞 레인저
siroco,bdd8831840e137e6d171f5ce2278a3eb,은시토끼,110,a5ccbaf5538981c6ef99b236c0a60b73,92da05ec93fb43406e193ffb9a2a629b,마법사(남),眞 디멘션워커
siroco,62b71f0c70d993e05933d980c0f5cf0a,fdurehbv,74,1645c45aabb008c98406b3a16447040d,a427ec3e94087c64cb4144379c3a0d59,귀검사(여),리벨리온
siroco,30840abbd1aa94cc87b91a81b8ba0fac,크루세이하나,110,0c1b401bb09241570d364420b3ba3fd7,37495b941da3b1661bc900e68ef3b2c6,프리스트(여),眞 크루세이더
diregie,56fcadf38e4d9955da4a6830e82b4e4d,교회개이,110,986c2b3d72ee0e4a0b7fcfbe786d4e02,6d459bc74ba73ee4fe5cdc4655400193,총검사,眞 트러블 슈터
diregie,8eac5426c2fd1f3915f21e2ade8f5a55,진얼님,110,41f1cdc2ff58bb5fdc287be0db2a8df3,c9b492038ee3ca8d27d7004cf58d59f3,귀검사(남),眞 아수라
diregie,b585eedf50a0cf1bfcc80824d4241e13,우지챠레후,110,b9cb48777665de22c006fabaf9a560b3,37495b941da3b1661bc900e68ef3b2c6,아처,眞 뮤즈
diregie,ac4316e72d361bb57ad41318a653d945,SIN스틸러,110,0c1b401bb09241570d364420b3ba3fd7,c9b492038ee3ca8d27d7004cf58d59f3,프리스트(여),眞 미스트리스
diregie,e2659b8db1a1797b847a3f0ce06656c8,멍멍버프,110,f6a4ad30555b99b499c07835f87ce522,37495b941da3b1661bc900e68ef3b2c6,프리스트(남),眞 크루세이더
diregie,a107e9124a499f2ea4b0d3fc40f2bf8d,트래물렁,110,b9cb48777665de22c006fabaf9a560b3,618326026de1a1f1cfba5dbd0b8396e7,아처,眞 트래블러
diregie,1dc2858c22f58295dc8889bb0cf30c55,Evan젤리,110,0c1b401bb09241570d364420b3ba3fd7,37495b941da3b1661bc900e68ef3b2c6,프리스트(여),眞 크루세이더
diregie,00027617c52742014924c0f2170dd282,진명이,110,1645c45aabb008c98406b3a16447040d,c9b492038ee3ca8d27d7004cf58d59f3,귀검사(여),眞 베가본드
diregie,0c589258cb13bc102e893e7e24efbc92,태우노,110,1645c45aabb008c98406b3a16447040d,c9b492038ee3ca8d27d7004cf58d59f3,귀검사(여),眞 베가본드
diregie,d9527689f75d536bbed0d6bd76dd97fd,천령환령,110,ddc49e9ad1ff72a00b53c6cff5b1e920,618326026de1a1f1cfba5dbd0b8396e7,도적,眞 사령술사
diregie,a63e64b40dbcb0e63eef85737ab3711d,종드마스터,110,1645c45aabb008c98406b3a16447040d,37495b941da3b1661bc900e68ef3b2c6,귀검사(여),眞 소드마스터
cain,fb4992454bba5d35cee446130bdc80c8,라디뱜,73,41f1cdc2ff58bb5fdc287be0db2a8df3,faf8fc6f0cd4c0f84f0035e23bd4fa19,귀검사(남),대암흑천
cain,39edd071884bb96c5d0ec5a05091b0ec,뮤즈A,110,b9cb48777665de22c006fabaf9a560b3,37495b941da3b1661bc900e68ef3b2c6,아처,眞 뮤즈
cain,86b1ec4b77d90aff86461a10745b0ad2,노가다광부캐,110,ca0f0e0e9e1d55b5f9955b03d9dd213c,80ec67d0356defa46a989914caca5820,격투가(남),염황 광풍제월
cain,53916ace13dec65038ec628919a594dc,엑윽요원,110,986c2b3d72ee0e4a0b7fcfbe786d4e02,618326026de1a1f1cfba5dbd0b8396e7,총검사,眞 요원
cain,15f0a7071d28be9e240003fb555d73f2,고주환,110,41f1cdc2ff58bb5fdc287be0db2a8df3,6d459bc74ba73ee4fe5cdc4655400193,귀검사(남),眞 버서커
cain,cdb8b87d9c785c7e7a167a3087bcd9a4,파동벌레캐릭,110,a7a059ebe9e6054c0644b40ef316d6e9,37495b941da3b1661bc900e68ef3b2c6,격투가(여),眞 넨마스터
cain,b155689326f2404218ac18b115533118,총알을와다다,110,afdf3b989339de478e85b614d274d1ef,c9b492038ee3ca8d27d7004cf58d59f3,거너(남),眞 스핏파이어
cain,504de3ca17575b57ceb74d06064d06fc,누런화면,110,3deb7be5f01953ac8b1ecaa1e25e0420,c9b492038ee3ca8d27d7004cf58d59f3,마창사,眞 다크 랜서
cain,88dbb026c65dade3f12bc7d4f293205e,흐엉엉헝엉,101,ca0f0e0e9e1d55b5f9955b03d9dd213c,37495b941da3b1661bc900e68ef3b2c6,격투가(남),眞 넨마스터
cain,d78bfda2f2387a012fe281e9eb98037f,무장,110,ca0f0e0e9e1d55b5f9955b03d9dd213c,37495b941da3b1661bc900e68ef3b2c6,격투가(남),眞 넨마스터
cain,563f24b006317c96cc3bf46092d28864,댠찌),110,0c1b401bb09241570d364420b3ba3fd7,6d459bc74ba73ee4fe5cdc4655400193,프리스트(여),眞 무녀
cain,c834966775fe3a4e94ad6a5cf06eb757,도둑맞은휴지,110,0ee8fa5dc525c1a1f23fc6911e921e4a,6d459bc74ba73ee4fe5cdc4655400193,나이트,眞 팔라딘
cain,21a0e68ea6075527941a78f218aa197d,로봇회로,71,afdf3b989339de478e85b614d274d1ef,460822c3780a9bc3fbe9485cc89c44a4,거너(남),마이스터
cain,1f8e5d82e0dd793e675ae2ff1146d7ad,고백하는취한,110,f6a4ad30555b99b499c07835f87ce522,6d459bc74ba73ee4fe5cdc4655400193,프리스트(남),眞 퇴마사
cain,de88891f47919286ab1e1dac9cd8d3f4,고추명란젓,102,a7a059ebe9e6054c0644b40ef316d6e9,6d459bc74ba73ee4fe5cdc4655400193,격투가(여),眞 스트리트파이터
cain,0c9407e6626494ee011c80f3cbdb64ad,수리온PM-2,79,b9cb48777665de22c006fabaf9a560b3,80ec67d0356defa46a989914caca5820,아처,트렌드세터
cain,07a252347ce7c2a01878ae30c76c0718,안놀아줘,110,f6a4ad30555b99b499c07835f87ce522,37495b941da3b1661bc900e68ef3b2c6,프리스트(남),眞 크루세이더
cain,746619b1ed6e10dbafbb4cc2a7241f8c,은챌,110,b9cb48777665de22c006fabaf9a560b3,618326026de1a1f1cfba5dbd0b8396e7,아처,眞 트래블러
cain,9469e94c4e8e2a335938ceb40f1f7e6d,에이가리해,110,41f1cdc2ff58bb5fdc287be0db2a8df3,c9b492038ee3ca8d27d7004cf58d59f3,귀검사(남),眞 아수라
cain,d94be8969d7552e551689e389af2b35f,Focoloker,105,afdf3b989339de478e85b614d274d1ef,92da05ec93fb43406e193ffb9a2a629b,거너(남),眞 어썰트
cain,d87c3a6340873ace0dffc63314a009d4,한국전투기13,110,41f1cdc2ff58bb5fdc287be0db2a8df3,6d459bc74ba73ee4fe5cdc4655400193,귀검사(남),眞 버서커
cain,0b98ffc39a169fcb7fd085d5d661447d,금빛백정,110,ddc49e9ad1ff72a00b53c6cff5b1e920,618326026de1a1f1cfba5dbd0b8396e7,도적,眞 사령술사
cain,400a759330edf73db5992631ca9df762,환이@,110,3909d0b188e9c95311399f776e331da5,92da05ec93fb43406e193ffb9a2a629b,마법사(여),眞 인챈트리스
cain,28066614e7796960ed52cf4685fa794c,아동무단투기,110,0ee8fa5dc525c1a1f23fc6911e921e4a,618326026de1a1f1cfba5dbd0b8396e7,나이트,眞 카오스
cain,ee06c96534aba2abaef6bc54e0cee0a2,사케동매니아,101,afdf3b989339de478e85b614d274d1ef,618326026de1a1f1cfba5dbd0b8396e7,거너(남),眞 런처
cain,8c09144d55cdece78ceae6f8a1edc477,한빛마을수라,110,41f1cdc2ff58bb5fdc287be0db2a8df3,c9b492038ee3ca8d27d7004cf58d59f3,귀검사(남),眞 아수라
cain,dc834a0df5798396e0c337148101728f,트앨루,54,944b9aab492c15a8474f96947ceeb9e4,df3870efe8e8754011cd12fa03cd275f,거너(여),레인저
cain,2b28481d28297d9674a078374e7998a5,달개비,110,b9cb48777665de22c006fabaf9a560b3,618326026de1a1f1cfba5dbd0b8396e7,아처,眞 트래블러
cain,fcb2d9486f6c3f4b387e263a6238737b,여경의경광봉,110,1645c45aabb008c98406b3a16447040d,92da05ec93fb43406e193ffb9a2a629b,귀검사(여),眞 블레이드
cain,ddb4545dcfb332c07c9fb84c4b66d9da,세라핌초이고,110,0c1b401bb09241570d364420b3ba3fd7,37495b941da3b1661bc900e68ef3b2c6,프리스트(여),眞 크루세이더
cain,f2e3035ba06c2ef3e954370086832d8d,팡부수라양,110,41f1cdc2ff58bb5fdc287be0db2a8df3,c9b492038ee3ca8d27d7004cf58d59f3,귀검사(남),眞 아수라
cain,18af6e2f556b812471829dfe08f39d45,석_사,110,944b9aab492c15a8474f96947ceeb9e4,6d459bc74ba73ee4fe5cdc4655400193,거너(여),眞 메카닉
cain,09d1b730905fa380315680fd00eff710,힐곰,110,f6a4ad30555b99b499c07835f87ce522,37495b941da3b1661bc900e68ef3b2c6,프리스트(남),眞 크루세이더
cain,47fcfffe4acebb95376d9d42da7522b1,흰머리도영,96,41f1cdc2ff58bb5fdc287be0db2a8df3,3ff5b661925ac59d1ca290b05ca914cc,귀검사(남),악귀나찰
cain,3981de0c2ccb826a1b224a3d0691580f,흥신소사람,110,3909d0b188e9c95311399f776e331da5,618326026de1a1f1cfba5dbd0b8396e7,마법사(여),眞 소환사
cain,1fc4b4fbb5af5ce1f6e45d163abaea41,회전고스초밥,110,3909d0b188e9c95311399f776e331da5,92da05ec93fb43406e193ffb9a2a629b,마법사(여),眞 인챈트리스
cain,a9621d4c4a5e66f69d5ff8fb1520429f,햄톨희,100,944b9aab492c15a8474f96947ceeb9e4,6d459bc74ba73ee4fe5cdc4655400193,거너(여),眞 메카닉
cain,47891b773e6360c4ad76ac0cb23f2fe4,특별한분,103,b9cb48777665de22c006fabaf9a560b3,618326026de1a1f1cfba5dbd0b8396e7,아처,眞 트래블러
cain,c9c8ba0dde6c66831b9fd79c59b648c3,트래블러창히,110,b9cb48777665de22c006fabaf9a560b3,618326026de1a1f1cfba5dbd0b8396e7,아처,眞 트래블러
cain,deb6a830145b85e47aa9f1f7bf5e0b43,테움2,110,a7a059ebe9e6054c0644b40ef316d6e9,80ec67d0356defa46a989914caca5820,격투가(여),염제 폐월수화
cain,8e01913ccfd3876d30f3f1fc9db7bf19,탱글탱글경빈,50,944b9aab492c15a8474f96947ceeb9e4,4a1459a4fa3c7f59b6da2e43382ed0b9,거너(여),스핏파이어
cain,9482de94a1dc3999a9b01bed0e299658,쿰트래,76,b9cb48777665de22c006fabaf9a560b3,981d675414f83b926db5f54e5347eec0,아처,드리머
cain,a7833ddbb3a90c8f521e80fc8fc148e4,코윈빌딩,110,1645c45aabb008c98406b3a16447040d,6d459bc74ba73ee4fe5cdc4655400193,귀검사(여),眞 데몬슬레이어
cain,cecde4bce60c13ebe83c3100fe7145eb,초전자염제,105,a7a059ebe9e6054c0644b40ef316d6e9,37495b941da3b1661bc900e68ef3b2c6,격투가(여),眞 넨마스터
cain,9299a3bd8e7273bd20f552f72d694aca,초강력장창,110,3deb7be5f01953ac8b1ecaa1e25e0420,618326026de1a1f1cfba5dbd0b8396e7,마창사,眞 듀얼리스트
cain,9bb38c48c0ecd0928aaed6bbb64cfb18,쭌넨마스터,86,a7a059ebe9e6054c0644b40ef316d6e9,80ec67d0356defa46a989914caca5820,격투가(여),염제 폐월수화
cain,b3519b843d5daf5043b76748017ca190,짜증남,100,41f1cdc2ff58bb5fdc287be0db2a8df3,37495b941da3b1661bc900e68ef3b2c6,귀검사(남),眞 웨펀마스터
cain,b067db106c1ff482cb9a94fefc950cd4,주둥베가,110,1645c45aabb008c98406b3a16447040d,c9b492038ee3ca8d27d7004cf58d59f3,귀검사(여),眞 베가본드
cain,64b846029ef94862dc0a714360bde369,제노를,110,3deb7be5f01953ac8b1ecaa1e25e0420,6d459bc74ba73ee4fe5cdc4655400193,마창사,眞 드래고니안 랜서
cain,263c3387bf224ade3b4e818b978adb72,정이애기,110,1645c45aabb008c98406b3a16447040d,92da05ec93fb43406e193ffb9a2a629b,귀검사(여),眞 블레이드
cain,33611b458a34b109c2006fb99df924fc,점핑레인저?,53,afdf3b989339de478e85b614d274d1ef,4ec01f4ae3728c080f28a72213b6df10,거너(남),데스페라도
cain,12e5d15f77cba2daf6b22b094339ee3e,재명과함께춤,110,ddc49e9ad1ff72a00b53c6cff5b1e920,618326026de1a1f1cfba5dbd0b8396e7,도적,眞 사령술사
bakal,9495905f04052a9558fe0cd02ff5c339,이레요,110,944b9aab492c15a8474f96947ceeb9e4,6d459bc74ba73ee4fe5cdc4655400193,거너(여),眞 메카닉
bakal,19f8eb10827eea48bad045954489a3ea,잠브로티,110,afdf3b989339de478e85b614d274d1ef,6d459bc74ba73ee4fe5cdc4655400193,거너(남),眞 메카닉
bakal,5d21547e1a07924c8a33e54886c4e6e3,태평청령,110,f6a4ad30555b99b499c07835f87ce522,6d459bc74ba73ee4fe5cdc4655400193,프리스트(남),眞 퇴마사
bakal,98df18ec98b99a67824326acfa32468b,더블건흑우,110,afdf3b989339de478e85b614d274d1ef,37495b941da3b1661bc900e68ef3b2c6,거너(남),眞 레인저
bakal,59c85f846d7425bfa5dbcb761aad49e2,스커폰,110,a7a059ebe9e6054c0644b40ef316d6e9,618326026de1a1f1cfba5dbd0b8396e7,격투가(여),眞 스트라이커
anton,0e567ff813ea8a03ee91215c2c935cd2,이엠플러스,110,1645c45aabb008c98406b3a16447040d,c9b492038ee3ca8d27d7004cf58d59f3,귀검사(여),眞 베가본드
anton,5ffa3f168a5c42c55f328586adf39a70,복숭앗빛,110,0ee8fa5dc525c1a1f23fc6911e921e4a,618326026de1a1f1cfba5dbd0b8396e7,나이트,眞 카오스
anton,7c8640b4c81df416b5bde8a8b4c0311a,이미엘,100,3909d0b188e9c95311399f776e331da5,37495b941da3b1661bc900e68ef3b2c6,마법사(여),眞 엘레멘탈마스터
anton,0428f17724d5ff22407e766d3721b3e0,스으발,110,afdf3b989339de478e85b614d274d1ef,37495b941da3b1661bc900e68ef3b2c6,거너(남),眞 레인저
hilder,bf0ae4a0d6b85c6b95aad33127444dc5,악귀신,100,41f1cdc2ff58bb5fdc287be0db2a8df3,92da05ec93fb43406e193ffb9a2a629b,귀검사(남),眞 검귀
hilder,5ff2a37a2e53d28202d5cfdd567dc8ba,우동배본,110,1645c45aabb008c98406b3a16447040d,c9b492038ee3ca8d27d7004cf58d59f3,귀검사(여),眞 베가본드
hilder,cb7e411ffeed4a46464efe9fc8604f9d,외않되외않데,110,1645c45aabb008c98406b3a16447040d,92da05ec93fb43406e193ffb9a2a629b,귀검사(여),眞 블레이드
hilder,5f78c471a7dc66ceb4db33ceb1e4021a,낮멍밤냥,110,0c1b401bb09241570d364420b3ba3fd7,37495b941da3b1661bc900e68ef3b2c6,프리스트(여),眞 크루세이더
hilder,436d865dfd7ca03d540dfa7db6bb3e0d,ㄴㄴ;;,110,0c1b401bb09241570d364420b3ba3fd7,618326026de1a1f1cfba5dbd0b8396e7,프리스트(여),眞 이단심판관
hilder,f746f76ae01b5fe3bd989f76b6b91892,ㄱㄱ;;,65,0ee8fa5dc525c1a1f23fc6911e921e4a,981d675414f83b926db5f54e5347eec0,나이트,마왕
casillas,86c512fb339f6e511353d1d24b047098,엘세,110,3909d0b188e9c95311399f776e331da5,37495b941da3b1661bc900e68ef3b2c6,마법사(여),眞 엘레멘탈마스터
casillas,694af06a2f495e1791dd61c2d8ef0d92,으아아445,51,0c1b401bb09241570d364420b3ba3fd7,4ec01f4ae3728c080f28a72213b6df10,프리스트(여),에반젤리스트
casillas,4224d1d233e861a308f4ec3f801534a9,이목룡,110,ca0f0e0e9e1d55b5f9955b03d9dd213c,618326026de1a1f1cfba5dbd0b8396e7,격투가(남),眞 스트라이커
casillas,cf209aa10dad9dc4d6ad4bd82e46ca26,벽돌스매쉬,110,a7a059ebe9e6054c0644b40ef316d6e9,6d459bc74ba73ee4fe5cdc4655400193,격투가(여),眞 스트리트파이터
prey,fd99e8aea58d8cc8016551693f983b2a,소울브웅어,110,41f1cdc2ff58bb5fdc287be0db2a8df3,618326026de1a1f1cfba5dbd0b8396e7,귀검사(남),眞 소울브링어
prey,c4474068f6fbd2c29332bf91c9fa8dad,시클크루,110,0c1b401bb09241570d364420b3ba3fd7,37495b941da3b1661bc900e68ef3b2c6,프리스트(여),眞 크루세이더
prey,6bf0c2fbc9b1eb693174700ea76dd0b9,아잇근육질,110,f6a4ad30555b99b499c07835f87ce522,37495b941da3b1661bc900e68ef3b2c6,프리스트(남),眞 크루세이더
prey,e47347023f85aa68982a8a2dcfc9133c,아잇스핏파이,110,afdf3b989339de478e85b614d274d1ef,c9b492038ee3ca8d27d7004cf58d59f3,거너(남),眞 스핏파이어
prey,8a1985156401de71b3445e102017d860,사냥힘들다아,110,afdf3b989339de478e85b614d274d1ef,37495b941da3b1661bc900e68ef3b2c6,거너(남),眞 레인저
prey,c0de22ed9b6c13ab2a9e75f29259393a,양식크루1,110,f6a4ad30555b99b499c07835f87ce522,37495b941da3b1661bc900e68ef3b2c6,프리스트(남),眞 크루세이더
prey,fec7a0c0bf48a96d21f942381f516b3d,언능따라왓,110,1645c45aabb008c98406b3a16447040d,6d459bc74ba73ee4fe5cdc4655400193,귀검사(여),眞 데몬슬레이어
prey,ca6fefa49a6711b5f02c4d7e9c7ab444,옵티머스s2x,110,944b9aab492c15a8474f96947ceeb9e4,6d459bc74ba73ee4fe5cdc4655400193,거너(여),眞 메카닉
prey,9d5d5243297fa02c9a3b9aa897310fb5,한련초†,110,1645c45aabb008c98406b3a16447040d,c9b492038ee3ca8d27d7004cf58d59f3,귀검사(여),眞 베가본드
prey,5dddc73a43ef83154b916978ac016adc,이달봉ω,110,afdf3b989339de478e85b614d274d1ef,618326026de1a1f1cfba5dbd0b8396e7,거너(남),眞 런처
prey,a87fbacae3b21161bae2db986bc23d2a,요거재미지네,86,b9cb48777665de22c006fabaf9a560b3,8022a99e29b5e4845985fe1d79a233f3,아처,셀레스티얼
prey,586f848e96d4704e4d25e66bf532ba19,쇼미더마도,110,3909d0b188e9c95311399f776e331da5,c9b492038ee3ca8d27d7004cf58d59f3,마법사(여),眞 마도학자
prey,f8306d27718e4226ab6d88512e53609f,냥이귀여웡,110,944b9aab492c15a8474f96947ceeb9e4,c9b492038ee3ca8d27d7004cf58d59f3,거너(여),眞 스핏파이어
siroco,ac257b7fca9fa5c7ce3d9ef09431250b,소마템플러,66,1645c45aabb008c98406b3a16447040d,981d675414f83b926db5f54e5347eec0,귀검사(여),암제
siroco,a2682521932cb2f4a9d71e0a4f0aa32a,신멜,100,41f1cdc2ff58bb5fdc287be0db2a8df3,37495b941da3b1661bc900e68ef3b2c6,귀검사(남),眞 웨펀마스터
siroco,9a8e964e21201ca704576055a2c9f62e,신용l정보,110,0c1b401bb09241570d364420b3ba3fd7,c9b492038ee3ca8d27d7004cf58d59f3,프리스트(여),眞 미스트리스
siroco,75a0663f6916d1bc64b2e903efc5ceab,아수루56,110,41f1cdc2ff58bb5fdc287be0db2a8df3,c9b492038ee3ca8d27d7004cf58d59f3,귀검사(남),眞 아수라
siroco,4331bf18b925b58c2fc05e1b5349ac38,웹레,110,944b9aab492c15a8474f96947ceeb9e4,37495b941da3b1661bc900e68ef3b2c6,거너(여),眞 레인저
siroco,d5289fe60a68f463239cbd738477a816,육준석,78,f6a4ad30555b99b499c07835f87ce522,80ec67d0356defa46a989914caca5820,프리스트(남),세인트
siroco,48cc71b89bbc4961fc41d1fe114fa447,이휘몬,110,b9cb48777665de22c006fabaf9a560b3,618326026de1a1f1cfba5dbd0b8396e7,아처,眞 트래블러
siroco,95e305f6594f682792dd4a6e84b8a28d,인생원캐릭,110,3909d0b188e9c95311399f776e331da5,92da05ec93fb43406e193ffb9a2a629b,마법사(여),眞 인챈트리스
siroco,6c19b628318a5c6f887d7e8958255bcf,자유를탐구,110,b9cb48777665de22c006fabaf9a560b3,618326026de1a1f1cfba5dbd0b8396e7,아처,眞 트래블러
siroco,8a0fe02bdc2b757fe52d6255d3f8d744,푸슝빠슝,110,b9cb48777665de22c006fabaf9a560b3,618326026de1a1f1cfba5dbd0b8396e7,아처,眞 트래블러
siroco,a3d2e8ee3bfd1b52ecd41eb9d5ad4d4e,식카테,110,3909d0b188e9c95311399f776e331da5,92da05ec93fb43406e193ffb9a2a629b,마법사(여),眞 인챈트리스
diregie,3f471fe3a65f6ffd0de2b99ca7adb0ae,경장박세원,79,ca0f0e0e9e1d55b5f9955b03d9dd213c,80ec67d0356defa46a989914caca5820,격투가(남),염황 광풍제월
diregie,cc2cc8efacfc9cdcbd85a9bf15e4d55e,경정박세원,88,ddc49e9ad1ff72a00b53c6cff5b1e920,15ce2751ab9c8302f39636cdb7c3dcfa,도적,시라누이
diregie,ce7ff840445e95b3e2047866b0a7534c,순경박세원,110,afdf3b989339de478e85b614d274d1ef,37495b941da3b1661bc900e68ef3b2c6,거너(남),眞 레인저
diregie,3b166c7b92b76c0e83550ec053286f6b,시즌지옥,110,944b9aab492c15a8474f96947ceeb9e4,37495b941da3b1661bc900e68ef3b2c6,거너(여),眞 레인저
diregie,bc04ebc36aac5c3ad3e7e0a2252f21e9,아악무서검귀,110,41f1cdc2ff58bb5fdc287be0db2a8df3,92da05ec93fb43406e193ffb9a2a629b,귀검사(남),眞 검귀
diregie,78b7d20117ee1ac794a27886fa2a8eba,하핫파이야,110,afdf3b989339de478e85b614d274d1ef,6d459bc74ba73ee4fe5cdc4655400193,거너(남),眞 메카닉
diregie,f1d76457f5c898bc93969d0b5b5fe5cc,날아서던져,110,944b9aab492c15a8474f96947ceeb9e4,c9b492038ee3ca8d27d7004cf58d59f3,거너(여),眞 스핏파이어
diregie,53945485f1a3bebb1486c4d525d9e9ce,움차카사바하,110,0c1b401bb09241570d364420b3ba3fd7,c9b492038ee3ca8d27d7004cf58d59f3,프리스트(여),眞 미스트리스
diregie,fbc3e41b4863ad6aef23aa17bc89b61e,꼬홀38세,110,f6a4ad30555b99b499c07835f87ce522,37495b941da3b1661bc900e68ef3b2c6,프리스트(남),眞 크루세이더
diregie,7f68d1f8d440c95413289a863cf6ae1b,남넨38세,110,ca0f0e0e9e1d55b5f9955b03d9dd213c,37495b941da3b1661bc900e68ef3b2c6,격투가(남),眞 넨마스터
diregie,85b10115b371b50a048acd928d74d5fb,남메카38세,110,afdf3b989339de478e85b614d274d1ef,6d459bc74ba73ee4fe5cdc4655400193,거너(남),眞 메카닉
diregie,3b2ad53aa598e58d4de09736a4ced38b,마도38세,110,3909d0b188e9c95311399f776e331da5,c9b492038ee3ca8d27d7004cf58d59f3,마법사(여),眞 마도학자
diregie,b6ec30ea22df65c2460ae2b11a919862,몰키어벤,110,f6a4ad30555b99b499c07835f87ce522,c9b492038ee3ca8d27d7004cf58d59f3,프리스트(남),眞 어벤저
diregie,fd3362a85a64880f6f19551f8345fd55,뮤즈38세,110,b9cb48777665de22c006fabaf9a560b3,37495b941da3b1661bc900e68ef3b2c6,아처,眞 뮤즈
diregie,36b1cebc5818d5e0c7f04a4ed5a451e7,배틀크루38세,110,f6a4ad30555b99b499c07835f87ce522,37495b941da3b1661bc900e68ef3b2c6,프리스트(남),眞 크루세이더
diregie,0accd149e4662639bde9b02fc03f6c9a,버프안해요,110,0c1b401bb09241570d364420b3ba3fd7,37495b941da3b1661bc900e68ef3b2c6,프리스트(여),眞 크루세이더
diregie,26621253a504f08afdc2802f0efc2e47,블메38세,110,a5ccbaf5538981c6ef99b236c0a60b73,6d459bc74ba73ee4fe5cdc4655400193,마법사(남),眞 블러드 메이지
diregie,2c23824e4883607f14ec104acaa7213b,아수라38세,110,41f1cdc2ff58bb5fdc287be0db2a8df3,c9b492038ee3ca8d27d7004cf58d59f3,귀검사(남),眞 아수라
diregie,1831a8f400ee789287d2c4e72e935e8c,여넨38세,110,a7a059ebe9e6054c0644b40ef316d6e9,37495b941da3b1661bc900e68ef3b2c6,격투가(여),眞 넨마스터
diregie,e2dc47ef413f7e58bc12c98765629e82,여스핏38세,110,944b9aab492c15a8474f96947ceeb9e4,c9b492038ee3ca8d27d7004cf58d59f3,거너(여),眞 스핏파이어
diregie,7034c64995bb0675565c687d8573ad58,요원38세,110,986c2b3d72ee0e4a0b7fcfbe786d4e02,618326026de1a1f1cfba5dbd0b8396e7,총검사,眞 요원
diregie,3a3efe9a90f882d879264fc85d07e3ee,인파38세,55,f6a4ad30555b99b499c07835f87ce522,981d675414f83b926db5f54e5347eec0,프리스트(남),갓핸드
diregie,6ccfc08bdcaed8cd7bdc5d0dfb353276,진뮤즈38새,110,b9cb48777665de22c006fabaf9a560b3,37495b941da3b1661bc900e68ef3b2c6,아처,眞 뮤즈
diregie,241df46217bcbea85cbff68a7086001a,카오스38세,110,0ee8fa5dc525c1a1f23fc6911e921e4a,618326026de1a1f1cfba5dbd0b8396e7,나이트,眞 카오스
diregie,368918535d56b959e2cd1b8c9fd4b729,트래38세,110,b9cb48777665de22c006fabaf9a560b3,618326026de1a1f1cfba5dbd0b8396e7,아처,眞 트래블러
diregie,57cc860db312afcefe0377e40277c722,인챈38세,110,3909d0b188e9c95311399f776e331da5,92da05ec93fb43406e193ffb9a2a629b,마법사(여),眞 인챈트리스
diregie,fc355d589f57b1a4d255e7d0939f6180,차하다아하아,110,b9cb48777665de22c006fabaf9a560b3,37495b941da3b1661bc900e68ef3b2c6,아처,眞 뮤즈
diregie,7aeccce4abe995691e05610ba8ce8811,막려,110,0ee8fa5dc525c1a1f23fc6911e921e4a,6d459bc74ba73ee4fe5cdc4655400193,나이트,眞 팔라딘
diregie,d95d8fc59b5b9a16f99846bf35cc9d46,트래블러233,20,b9cb48777665de22c006fabaf9a560b3,1ea78ae210f681a799feb4403a5c1e85,아처,트래블러
cain,f3db1a95498327d757e931ebaeaf1e23,소리질렁,64,ca0f0e0e9e1d55b5f9955b03d9dd213c,4ec01f4ae3728c080f28a72213b6df10,격투가(남),광호제
cain,8c38b49597bbd4f3aa01bf6dd696f153,소울퍼,110,1645c45aabb008c98406b3a16447040d,6d459bc74ba73ee4fe5cdc4655400193,귀검사(여),眞 데몬슬레이어
cain,ef23549a60af983a52266cc2d0dc30ce,XIIIXU,110,1645c45aabb008c98406b3a16447040d,92da05ec93fb43406e193ffb9a2a629b,귀검사(여),眞 블레이드
cain,0f3ef4086745dc758428132de1d00a03,EEREEW,110,a7a059ebe9e6054c0644b40ef316d6e9,37495b941da3b1661bc900e68ef3b2c6,격투가(여),眞 넨마스터
cain,23e8a9da4411615be062b4955fc2f56c,메카!도구,55,afdf3b989339de478e85b614d274d1ef,460822c3780a9bc3fbe9485cc89c44a4,거너(남),마이스터
cain,d7ed421e3a2e2e09c756301659ada5f3,망치!도구,110,f6a4ad30555b99b499c07835f87ce522,37495b941da3b1661bc900e68ef3b2c6,프리스트(남),眞 크루세이더
cain,55851e249666e3da6079873a5caadc4a,마퇴!도구,18,f6a4ad30555b99b499c07835f87ce522,a9a4ef4552d46e39cf6c874a51126410,프리스트(남),퇴마사
cain,c94ca188067b3fa5b8ddf2d9c0269fc5,마법!도구,110,3909d0b188e9c95311399f776e331da5,37495b941da3b1661bc900e68ef3b2c6,마법사(여),眞 엘레멘탈마스터
cain,b563f1bda73b91885b01936813bf0b22,랩터!도구,110,944b9aab492c15a8474f96947ceeb9e4,6d459bc74ba73ee4fe5cdc4655400193,거너(여),眞 메카닉
cain,798ca8bcdcc9681444635a270c6505df,닐스!도구,110,afdf3b989339de478e85b614d274d1ef,c9b492038ee3ca8d27d7004cf58d59f3,거너(남),眞 스핏파이어
cain,7c68a1e357f1fda474ac94d59d867975,권총!도구,110,944b9aab492c15a8474f96947ceeb9e4,37495b941da3b1661bc900e68ef3b2c6,거너(여),眞 레인저
cain,a0e47656e2f01350c6e92d42f7434268,원소!도구,110,a5ccbaf5538981c6ef99b236c0a60b73,37495b941da3b1661bc900e68ef3b2c6,마법사(남),眞 엘레멘탈 바머
cain,e834085c6389dec71af2c9e0c331fe12,얼음!도구,110,a5ccbaf5538981c6ef99b236c0a60b73,618326026de1a1f1cfba5dbd0b8396e7,마법사(남),眞 빙결사
cain,af0ffd5dba617fcaaf27ced4409a5429,암살!도구,110,a7a059ebe9e6054c0644b40ef316d6e9,6d459bc74ba73ee4fe5cdc4655400193,격투가(여),眞 스트리트파이터
cain,57ea1fbf0256493c1ab60ee2d621d53d,쌍검!도구,110,ddc49e9ad1ff72a00b53c6cff5b1e920,37495b941da3b1661bc900e68ef3b2c6,도적,眞 로그
cain,30da1368451ae7460db454afc2046df4,쇄패!도구,110,3909d0b188e9c95311399f776e331da5,6d459bc74ba73ee4fe5cdc4655400193,마법사(여),眞 배틀메이지
cain,61742721a6fb9012349bcd9aa2e03ce5,사령!도구,110,ddc49e9ad1ff72a00b53c6cff5b1e920,618326026de1a1f1cfba5dbd0b8396e7,도적,眞 사령술사
cain,e1cf8765ed19ab8bf1a3392771f0a234,뿔달린!도구,110,0ee8fa5dc525c1a1f23fc6911e921e4a,c9b492038ee3ca8d27d7004cf58d59f3,나이트,眞 드래곤나이트
cain,d23619a6a60c204e5b1479c8194932d9,빨간!도구,110,a7a059ebe9e6054c0644b40ef316d6e9,618326026de1a1f1cfba5dbd0b8396e7,격투가(여),眞 스트라이커
cain,f51516ef67779b800753c05661e5e4c3,버프!도구,110,0c1b401bb09241570d364420b3ba3fd7,37495b941da3b1661bc900e68ef3b2c6,프리스트(여),眞 크루세이더
cain,fba70dc1c772f4df6899a75a0517bed0,버스킹!도구,110,b9cb48777665de22c006fabaf9a560b3,37495b941da3b1661bc900e68ef3b2c6,아처,眞 뮤즈
cain,ac463906697e0924b3ab1f11707b9efb,방패!도구,110,0ee8fa5dc525c1a1f23fc6911e921e4a,6d459bc74ba73ee4fe5cdc4655400193,나이트,眞 팔라딘
cain,3c2dcc35397bf087e30ab0ff2c537c8b,활!도구,110,b9cb48777665de22c006fabaf9a560b3,618326026de1a1f1cfba5dbd0b8396e7,아처,眞 트래블러
cain,6adaf1c3ebaa62ddb9cc6da2424f86cb,통수!도구,5,ddc49e9ad1ff72a00b53c6cff5b1e920,4a1459a4fa3c7f59b6da2e43382ed0b9,도적,섀도우댄서
cain,4d2f5672054d8f45999200034b5ff2ae,칼질!도구,110,41f1cdc2ff58bb5fdc287be0db2a8df3,618326026de1a1f1cfba5dbd0b8396e7,귀검사(남),眞 소울브링어
cain,9de56f83507fbb3a992be6be12d1414b,청소!도구,110,3909d0b188e9c95311399f776e331da5,c9b492038ee3ca8d27d7004cf58d59f3,마법사(여),眞 마도학자
cain,17d7b944144b1359b1d128f2f82c324f,창조!도구,110,b522a95d819a5559b775deb9a490e49a,0a49d9c8b5e1358efff324e5cb11d41e,크리에이터,眞 크리에이터
cain,fd29c6e2fdb94056074198a0c600d2db,전투!도구,110,a7a059ebe9e6054c0644b40ef316d6e9,c9b492038ee3ca8d27d7004cf58d59f3,격투가(여),眞 그래플러
cain,81ec3f643de4717f6883dc5d69681f2b,자수!도구,110,41f1cdc2ff58bb5fdc287be0db2a8df3,c9b492038ee3ca8d27d7004cf58d59f3,귀검사(남),眞 아수라
cain,ae3da64014e3d2beeaea31137cdd29ae,인챈!도구,110,3909d0b188e9c95311399f776e331da5,92da05ec93fb43406e193ffb9a2a629b,마법사(여),眞 인챈트리스
cain,f2e83da02e92d7513f83fbcc7ebea61d,소환!도구,110,3909d0b188e9c95311399f776e331da5,618326026de1a1f1cfba5dbd0b8396e7,마법사(여),眞 소환사
cain,2e2d4be75630bb8e9537a3cca54b4151,솬t,87,3909d0b188e9c95311399f776e331da5,8022a99e29b5e4845985fe1d79a233f3,마법사(여),이클립스
cain,2da689f76ee25ac99d92a39dc3d0fb19,"로제,,",110,944b9aab492c15a8474f96947ceeb9e4,37495b941da3b1661bc900e68ef3b2c6,거너(여),眞 레인저
cain,b442bd8e006fa0cce02947f93b7347dc,"스파,,",110,afdf3b989339de478e85b614d274d1ef,c9b492038ee3ca8d27d7004cf58d59f3,거너(남),眞 스핏파이어
cain,4c0d751aea77525c1728f8eb27d13b70,스피릿프렌즈,36,944b9aab492c15a8474f96947ceeb9e4,4a1459a4fa3c7f59b6da2e43382ed0b9,거너(여),스핏파이어
cain,7fbbc0877038b17aafbf93eebecc236b,시원한아처,110,b9cb48777665de22c006fabaf9a560b3,618326026de1a1f1cfba5dbd0b8396e7,아처,眞 트래블러
cain,699ca7e4f6d4006215ed3161a29a39ef,쌈광약,110,a7a059ebe9e6054c0644b40ef316d6e9,618326026de1a1f1cfba5dbd0b8396e7,격투가(여),眞 스트라이커
cain,0f98d6fc2df2a7e7bb702b03a5dc3623,아재요오오오,78,986c2b3d72ee0e4a0b7fcfbe786d4e02,15ce2751ab9c8302f39636cdb7c3dcfa,총검사,언터처블
cain,0f4d4069f483f61393bfe5f7993c6130,아처갬성,110,b9cb48777665de22c006fabaf9a560b3,618326026de1a1f1cfba5dbd0b8396e7,아처,眞 트래블러
cain,5bb934fb864ac410ece5dd362ba9eec9,알려줘용3,106,1645c45aabb008c98406b3a16447040d,92da05ec93fb43406e193ffb9a2a629b,귀검사(여),眞 블레이드
cain,d883e187e1b18f2102a12f699dd8259c,앙앙앙~★,86,b9cb48777665de22c006fabaf9a560b3,80ec67d0356defa46a989914caca5820,아처,트렌드세터
cain,7c92a5f646b5b658cb87714280174574,양산홀슬3호,110,f6a4ad30555b99b499c07835f87ce522,37495b941da3b1661bc900e68ef3b2c6,프리스트(남),眞 크루세이더
cain,a4d3de37af428aa1c930e3dcc1d72eca,양파감자당근,110,b9cb48777665de22c006fabaf9a560b3,37495b941da3b1661bc900e68ef3b2c6,아처,眞 뮤즈
cain,271cd65f68814eeeb603204494bee023,엄준Suk,110,b9cb48777665de22c006fabaf9a560b3,618326026de1a1f1cfba5dbd0b8396e7,아처,眞 트래블러
cain,d74114494a35a77b8406efcf3b4434f6,에베레스토,110,0ee8fa5dc525c1a1f23fc6911e921e4a,6d459bc74ba73ee4fe5cdc4655400193,나이트,眞 팔라딘
cain,31afe54a96bebad10b76212e4f778adb,에벤티우스,97,a7a059ebe9e6054c0644b40ef316d6e9,80ec67d0356defa46a989914caca5820,격투가(여),염제 폐월수화
cain,6e5ca44f53e18ac36e7e27ebaaa90c27,여름밤피크닉,110,944b9aab492c15a8474f96947ceeb9e4,37495b941da3b1661bc900e68ef3b2c6,거너(여),眞 레인저
cain,209c6476f20f4e33ba2e83b9f643b811,여프마이,110,0c1b401bb09241570d364420b3ba3fd7,37495b941da3b1661bc900e68ef3b2c6,프리스트(여),眞 크루세이더
cain,70d349eff22c8fa2436f80701f1526c9,여행가는궁수,110,b9cb48777665de22c006fabaf9a560b3,618326026de1a1f1cfba5dbd0b8396e7,아처,眞 트래블러
cain,a5c9ca1d474184c831e2c796f30216fb,C02용접2반,110,b9cb48777665de22c006fabaf9a560b3,618326026de1a1f1cfba5dbd0b8396e7,아처,眞 트래블러
cain,3581957c66a95aea19a4227e0a4a926e,용접습니다,110,0c1b401bb09241570d364420b3ba3fd7,37495b941da3b1661bc900e68ef3b2c6,프리스트(여),眞 크루세이더
cain,5aff38f0e6cb03b6d9a66e53a9d122b5,용접관둡니다,110,1645c45aabb008c98406b3a16447040d,37495b941da3b1661bc900e68ef3b2c6,귀검사(여),眞 소드마스터
cain,b49530839ae17fceef53831ed8fd51ef,우끼끼~,110,41f1cdc2ff58bb5fdc287be0db2a8df3,37495b941da3b1661bc900e68ef3b2c6,귀검사(남),眞 웨펀마스터
cain,e217eed0b70f9d19f30b2df2b7457aaf,.길문어,110,f6a4ad30555b99b499c07835f87ce522,37495b941da3b1661bc900e68ef3b2c6,프리스트(남),眞 크루세이더
cain,6fa1d7ad18d1db29a6173ac91fdf2f3a,길대감,41,944b9aab492c15a8474f96947ceeb9e4,1ea78ae210f681a799feb4403a5c1e85,거너(여),런처
cain,a504f819335a515c21e8fece46c36cd2,길사또,16,17e417b31686389eebff6d754c3401ea,1ea40db11ff66e70bcb0add7fae44cdb,다크나이트,다크나이트
cain,32804472108728d61b40c55f93352b53,스피드김영근,110,41f1cdc2ff58bb5fdc287be0db2a8df3,37495b941da3b1661bc900e68ef3b2c6,귀검사(남),眞 웨펀마스터
cain,cc322df98100144b88954ad1174c807a,준비차려,39,f6a4ad30555b99b499c07835f87ce522,1ea78ae210f681a799feb4403a5c1e85,프리스트(남),인파이터
cain,c73c78cfd2e83f160afbc3290ad4f681,초보예능인,26,41f1cdc2ff58bb5fdc287be0db2a8df3,4a1459a4fa3c7f59b6da2e43382ed0b9,귀검사(남),아수라
cain,09b7f8cb555c86011d5b868535bb863a,우동2소바2,110,afdf3b989339de478e85b614d274d1ef,37495b941da3b1661bc900e68ef3b2c6,거너(남),眞 레인저
cain,9099b7e2aeca2fa50f08fd92804223f0,월평동활잡이,110,b9cb48777665de22c006fabaf9a560b3,618326026de1a1f1cfba5dbd0b8396e7,아처,眞 트래블러
cain,8a1675de2790d7617f889ca0352bfabb,윤명진출렁,73,0ee8fa5dc525c1a1f23fc6911e921e4a,faf8fc6f0cd4c0f84f0035e23bd4fa19,나이트,타이런트
cain,4a0fb7f087263e1d15b1fc7cf4880e43,윤명진신성,110,f6a4ad30555b99b499c07835f87ce522,37495b941da3b1661bc900e68ef3b2c6,프리스트(남),眞 크루세이더
cain,61f3b0a75cc5f5051666d2107f3f5f2a,이경규가싼다,110,986c2b3d72ee0e4a0b7fcfbe786d4e02,6d459bc74ba73ee4fe5cdc4655400193,총검사,眞 트러블 슈터
cain,d10f56ab61bbff464b20bf89f27aa93d,이끄엑끄이끄,83,f6a4ad30555b99b499c07835f87ce522,80ec67d0356defa46a989914caca5820,프리스트(남),세인트
cain,ef2b787cf6bbfe593f6402cebe37cfc1,이끄엑끄,110,41f1cdc2ff58bb5fdc287be0db2a8df3,c9b492038ee3ca8d27d7004cf58d59f3,귀검사(남),眞 아수라
cain,1ce8a255f74f1e3a6bb70dba65c0a44b,이어지는연주,10,b9cb48777665de22c006fabaf9a560b3,1ea78ae210f681a799feb4403a5c1e85,아처,트래블러
cain,82a356d5338e69ee120cdb91489d90f7,버춤,110,41f1cdc2ff58bb5fdc287be0db2a8df3,6d459bc74ba73ee4fe5cdc4655400193,귀검사(남),眞 버서커
cain,9d91b04a975b66d71d5900352e35c280,벞힝,110,0c1b401bb09241570d364420b3ba3fd7,37495b941da3b1661bc900e68ef3b2c6,프리스트(여),眞 크루세이더
cain,31fc36006a866d26338acf8037a2fd29,인햄,110,41f1cdc2ff58bb5fdc287be0db2a8df3,c9b492038ee3ca8d27d7004cf58d59f3,귀검사(남),眞 아수라
cain,78a87e5497cebc0a89549a2293c13252,저춤,110,a7a059ebe9e6054c0644b40ef316d6e9,618326026de1a1f1cfba5dbd0b8396e7,격투가(여),眞 스트라이커
cain,8bbd908f881d37af0058e3f9ac4f65c6,일춤,110,afdf3b989339de478e85b614d274d1ef,37495b941da3b1661bc900e68ef3b2c6,거너(남),眞 레인저
cain,8d9d460bd770d20785fe7100a2fe960b,레인저라구..,110,afdf3b989339de478e85b614d274d1ef,37495b941da3b1661bc900e68ef3b2c6,거너(남),眞 레인저
cain,fe135615c2fcc47cfe720a442085f379,임시방편6,76,3909d0b188e9c95311399f776e331da5,8022a99e29b5e4845985fe1d79a233f3,마법사(여),이클립스
cain,d3ec37fc1c7ccb8f8c9559ed9b9d7ae9,잉건머징!?,79,3909d0b188e9c95311399f776e331da5,64bbd751c0fcae0e74758b871a2296c1,마법사(여),지니위즈
cain,9d9383051c08cf746a6e75c608a1fcd4,자석남자,100,afdf3b989339de478e85b614d274d1ef,92da05ec93fb43406e193ffb9a2a629b,거너(남),眞 어썰트
cain,cc35c9ab6f28eb6d6b7712bb3e30ac3f,장마{rain},110,944b9aab492c15a8474f96947ceeb9e4,6d459bc74ba73ee4fe5cdc4655400193,거너(여),眞 메카닉
cain,b94d472751d1cfc533b097a9fabbb2b9,날먹석박사,110,944b9aab492c15a8474f96947ceeb9e4,6d459bc74ba73ee4fe5cdc4655400193,거너(여),眞 메카닉
cain,1e7074534f81134c952df3984b804c3f,폭발세계,110,986c2b3d72ee0e4a0b7fcfbe786d4e02,6d459bc74ba73ee4fe5cdc4655400193,총검사,眞 트러블 슈터
cain,5117c717d0c76f96ab39f7b263b728af,가입만원지급,110,b9cb48777665de22c006fabaf9a560b3,618326026de1a1f1cfba5dbd0b8396e7,아처,眞 트래블러
cain,4465d29a2cfb8710fcaf43da09186f93,정지_도구,47,afdf3b989339de478e85b614d274d1ef,1ea78ae210f681a799feb4403a5c1e85,거너(남),런처
cain,62d57ea349995fe9d5cccd0a6b91b8bc,1난장이,15,3909d0b188e9c95311399f776e331da5,1ea78ae210f681a799feb4403a5c1e85,마법사(여),소환사
cain,58393b1468c293aad7dd57b7a6acf220,차갑농,36,a5ccbaf5538981c6ef99b236c0a60b73,1ea78ae210f681a799feb4403a5c1e85,마법사(남),빙결사
cain,f37b0205a532566955e2dfa80a7243d0,설령뱀눈나비,80,1645c45aabb008c98406b3a16447040d,64bbd751c0fcae0e74758b871a2296c1,귀검사(여),검제
cain,1bc0ef848c508f8144b0162417541de2,유히뮤즈,110,b9cb48777665de22c006fabaf9a560b3,37495b941da3b1661bc900e68ef3b2c6,아처,眞 뮤즈
cain,77a213fdd29968785e5911a53ee6a570,런처카이저,110,afdf3b989339de478e85b614d274d1ef,618326026de1a1f1cfba5dbd0b8396e7,거너(남),眞 런처
cain,4767def362b02415ca58e67452bf5a4d,유해조수처치,110,b9cb48777665de22c006fabaf9a560b3,618326026de1a1f1cfba5dbd0b8396e7,아처,眞 트래블러
cain,d67d090d50dfe71d88541597a3230e2f,마법사1122,110,3909d0b188e9c95311399f776e331da5,92da05ec93fb43406e193ffb9a2a629b,마법사(여),眞 인챈트리스
cain,be3eb718a12dbeb66d9ec5dc334e510c,책읽는홍익이,110,41f1cdc2ff58bb5fdc287be0db2a8df3,37495b941da3b1661bc900e68ef3b2c6,귀검사(남),眞 웨펀마스터
cain,c71b5da747af254235305bfbfa3d4acc,뇌를바꾸자,110,afdf3b989339de478e85b614d274d1ef,37495b941da3b1661bc900e68ef3b2c6,거너(남),眞 레인저
cain,9fc8dc48f393664bd8c115775e9b3f2f,무시햐,110,944b9aab492c15a8474f96947ceeb9e4,618326026de1a1f1cfba5dbd0b8396e7,거너(여),眞 런처
cain,00fec75ee49c6153a664e85488b411a1,레로쿤흑창,110,3deb7be5f01953ac8b1ecaa1e25e0420,c9b492038ee3ca8d27d7004cf58d59f3,마창사,眞 다크 랜서
cain,d7ddcd9533427c071e02f1398152f7e5,착하고순진햇,110,ddc49e9ad1ff72a00b53c6cff5b1e920,618326026de1a1f1cfba5dbd0b8396e7,도적,眞 사령술사
cain,d8bb6ae1675e65843b5b4a47ba7a18f6,무무라핌3호,110,0c1b401bb09241570d364420b3ba3fd7,37495b941da3b1661bc900e68ef3b2c6,프리스트(여),眞 크루세이더
cain,f82963ac0cb74584ac6dffb9557d58f7,스담네,110,3909d0b188e9c95311399f776e331da5,92da05ec93fb43406e193ffb9a2a629b,마법사(여),眞 인챈트리스
cain,55eff98034891f65042d4c7c0208181c,말걸면탈주,110,0c1b401bb09241570d364420b3ba3fd7,37495b941da3b1661bc900e68ef3b2c6,프리스트(여),眞 크루세이더
cain,1c276f4564bb09ceebdf83e08d3635ea,김-맛-김,110,41f1cdc2ff58bb5fdc287be0db2a8df3,92da05ec93fb43406e193ffb9a2a629b,귀검사(남),眞 검귀
cain,d18eab66f42686a1170349dea6815aaf,규약,110,41f1cdc2ff58bb5fdc287be0db2a8df3,37495b941da3b1661bc900e68ef3b2c6,귀검사(남),眞 웨펀마스터
cain,6e7b23aa345c79d2c0cec7adae0193ee,어썰트--*,110,afdf3b989339de478e85b614d274d1ef,92da05ec93fb43406e193ffb9a2a629b,거너(남),眞 어썰트
siroco,b607c918f09c2018a8883694799c54a2,N-Celestial,110,b9cb48777665de22c006fabaf9a560b3,618326026de1a1f1cfba5dbd0b8396e7,아처,眞 트래블러
siroco,63442034ab0590ac5a34d969aa4c8355,가슴큰루시,110,1645c45aabb008c98406b3a16447040d,c9b492038ee3ca8d27d7004cf58d59f3,귀검사(여),眞 베가본드
siroco,5fc256d2dbb02e244e5a7bf4ec4d914e,나와라선현궁,110,b9cb48777665de22c006fabaf9a560b3,37495b941da3b1661bc900e68ef3b2c6,아처,眞 뮤즈
siroco,496965cf856ea882217ddc3f8701a989,너밋넥이,110,f6a4ad30555b99b499c07835f87ce522,37495b941da3b1661bc900e68ef3b2c6,프리스트(남),眞 크루세이더
cain,b8a9abab5e43b6e534032f84aa0164eb,버프용3,110,f6a4ad30555b99b499c07835f87ce522,37495b941da3b1661bc900e68ef3b2c6,프리스트(남),眞 크루세이더
cain,9a726d0cfe43e95384a978bbd2f1e6d3,장검이@,27,ca0f0e0e9e1d55b5f9955b03d9dd213c,df3870efe8e8754011cd12fa03cd275f,격투가(남),넨마스터
cain,57e543b60e477a60a18fbf8f97789125,.조준희.,110,afdf3b989339de478e85b614d274d1ef,6d459bc74ba73ee4fe5cdc4655400193,거너(남),眞 메카닉
cain,9f851178b91d2ee4cd73d24a7af9bca6,1113322,110,41f1cdc2ff58bb5fdc287be0db2a8df3,c9b492038ee3ca8d27d7004cf58d59f3,귀검사(남),眞 아수라
cain,a46e99ac8ab121e2e8b28b16ba16757c,124세,51,3deb7be5f01953ac8b1ecaa1e25e0420,981d675414f83b926db5f54e5347eec0,마창사,하이랜더
cain,7f2933e6fec1566e89e7c67dffdf19b9,12h3jh12j3bk,110,afdf3b989339de478e85b614d274d1ef,6d459bc74ba73ee4fe5cdc4655400193,거너(남),眞 메카닉
cain,d7e744ad7352319ea9c8303360958aab,19시31분,110,b9cb48777665de22c006fabaf9a560b3,618326026de1a1f1cfba5dbd0b8396e7,아처,眞 트래블러
cain,bd004a6e7bcf624c0b4a2013423d5207,55세슘,110,b9cb48777665de22c006fabaf9a560b3,618326026de1a1f1cfba5dbd0b8396e7,아처,眞 트래블러
cain,748ed2a8c8358d5a350113d50a43c730,7월의휴가,110,b9cb48777665de22c006fabaf9a560b3,618326026de1a1f1cfba5dbd0b8396e7,아처,眞 트래블러
cain,b4a00151e4aed97a89dc589a7ede6e00,82년생조성현,110,41f1cdc2ff58bb5fdc287be0db2a8df3,6d459bc74ba73ee4fe5cdc4655400193,귀검사(남),眞 버서커
cain,8700beb3729eba49b3d4a985f2430bfa,8카,110,afdf3b989339de478e85b614d274d1ef,618326026de1a1f1cfba5dbd0b8396e7,거너(남),眞 런처
cain,0b7f3c375ed6cb79c34274a382a716a6,까치봉타기,110,1645c45aabb008c98406b3a16447040d,37495b941da3b1661bc900e68ef3b2c6,귀검사(여),眞 소드마스터
cain,26ae38b945a8991f15ba4ceec8e359f5,Amelia렌저,110,944b9aab492c15a8474f96947ceeb9e4,37495b941da3b1661bc900e68ef3b2c6,거너(여),眞 레인저
cain,c7af8661e8fcce53a041e9e008f353b4,Amelia트블,110,b9cb48777665de22c006fabaf9a560b3,618326026de1a1f1cfba5dbd0b8396e7,아처,眞 트래블러
cain,a7b064b0603c34013745e1d868ae6de1,Amelia짜이,110,ca0f0e0e9e1d55b5f9955b03d9dd213c,c9b492038ee3ca8d27d7004cf58d59f3,격투가(남),眞 그래플러
cain,ffef176c45f6705f2e2e3a50676dba25,Amelia뮤즈,110,b9cb48777665de22c006fabaf9a560b3,37495b941da3b1661bc900e68ef3b2c6,아처,眞 뮤즈
cain,4a1537520b0fac2e1ca628edef017675,Amelia마도,110,3909d0b188e9c95311399f776e331da5,c9b492038ee3ca8d27d7004cf58d59f3,마법사(여),眞 마도학자
cain,f63ac9c503bd90feb485c0642f948aba,Amelia그플,110,a7a059ebe9e6054c0644b40ef316d6e9,c9b492038ee3ca8d27d7004cf58d59f3,격투가(여),眞 그래플러
cain,05b618f2c6ba900b97960f2a112ed407,Darkelf.,110,ddc49e9ad1ff72a00b53c6cff5b1e920,618326026de1a1f1cfba5dbd0b8396e7,도적,眞 사령술사
cain,53f8642a602ab41e5a0065bdb0419c8e,Diosdemonio,40,41f1cdc2ff58bb5fdc287be0db2a8df3,1ea78ae210f681a799feb4403a5c1e85,귀검사(남),소울브링어
cain,2ece02668e9496c375d22688933deccd,Dr.Proy,110,b9cb48777665de22c006fabaf9a560b3,618326026de1a1f1cfba5dbd0b8396e7,아처,眞 트래블러
cain,4e9b32a60e58e6cccf804893a5a1b51f,Ethan검귀,110,41f1cdc2ff58bb5fdc287be0db2a8df3,92da05ec93fb43406e193ffb9a2a629b,귀검사(남),眞 검귀
cain,04af3706ef755a48ca3eaa422ee1cb03,Haru-Bupq,110,3909d0b188e9c95311399f776e331da5,92da05ec93fb43406e193ffb9a2a629b,마법사(여),眞 인챈트리스
cain,387d4d59183dc6b258866477c819c554,IceWhite,110,1645c45aabb008c98406b3a16447040d,92da05ec93fb43406e193ffb9a2a629b,귀검사(여),眞 블레이드
cain,1583b67a885185fbd396dc9e5fb15452,I♥초월,110,944b9aab492c15a8474f96947ceeb9e4,6d459bc74ba73ee4fe5cdc4655400193,거너(여),眞 메카닉
cain,09929f9e49569504a7bcdc7bac16b126,Philip.H.J,110,3deb7be5f01953ac8b1ecaa1e25e0420,618326026de1a1f1cfba5dbd0b8396e7,마창사,眞 듀얼리스트
cain,547d7f7fa0159851e902daf53aa8c5d3,YOo반반반1,110,b9cb48777665de22c006fabaf9a560b3,37495b941da3b1661bc900e68ef3b2c6,아처,眞 뮤즈
cain,4cedbb33d0880b42cc3c5ad6e507820a,[aLIEz]염황,110,ca0f0e0e9e1d55b5f9955b03d9dd213c,37495b941da3b1661bc900e68ef3b2c6,격투가(남),眞 넨마스터
cain,2e4386d5effd8e31ea72fd22e3f4d548,산호랑이,89,a7a059ebe9e6054c0644b40ef316d6e9,8022a99e29b5e4845985fe1d79a233f3,격투가(여),카이저
cain,6099cb47fe95e9094642470c77646971,_-웨펀마스터,65,41f1cdc2ff58bb5fdc287be0db2a8df3,4ec01f4ae3728c080f28a72213b6df10,귀검사(남),검성
cain,79123ad3908531d11377ad7063720418,bjvfhvbhvhbb,110,1645c45aabb008c98406b3a16447040d,c9b492038ee3ca8d27d7004cf58d59f3,귀검사(여),眞 베가본드
cain,96bb2eddede3ec0c7476c70416a8be36,izis버핏,110,b9cb48777665de22c006fabaf9a560b3,37495b941da3b1661bc900e68ef3b2c6,아처,眞 뮤즈
cain,24a013c7718633986149ba4a34ed2363,sLSOs,34,a5ccbaf5538981c6ef99b236c0a60b73,4a1459a4fa3c7f59b6da2e43382ed0b9,마법사(남),스위프트 마스터
cain,2b5881f0933de0f5c1888bc20d4fd64b,tral로,62,986c2b3d72ee0e4a0b7fcfbe786d4e02,460822c3780a9bc3fbe9485cc89c44a4,총검사,와일드 카드
cain,6e32d12dd5702fe50767f52e57e5ba5f,★척산★,110,0c1b401bb09241570d364420b3ba3fd7,37495b941da3b1661bc900e68ef3b2c6,프리스트(여),眞 크루세이더
cain,5f0130518bcf3ce359a4e3e2c3a98138,ㅁㅇ롣굴,110,0c1b401bb09241570d364420b3ba3fd7,37495b941da3b1661bc900e68ef3b2c6,프리스트(여),眞 크루세이더
cain,155a2562e0f420368f67ed70b39a8db4,眞-세라핌-,110,0c1b401bb09241570d364420b3ba3fd7,37495b941da3b1661bc900e68ef3b2c6,프리스트(여),眞 크루세이더
cain,d8edbaa66a1cc5f2342441818daf3748,眞트리셀레얼,83,b9cb48777665de22c006fabaf9a560b3,8022a99e29b5e4845985fe1d79a233f3,아처,셀레스티얼
cain,086600bd0c2e72a7867bd07ff81970fc,간규,110,3909d0b188e9c95311399f776e331da5,37495b941da3b1661bc900e68ef3b2c6,마법사(여),眞 엘레멘탈마스터
cain,c02f4ecc58ef1e0e89050ad041a3d7ad,강이스터,110,ca0f0e0e9e1d55b5f9955b03d9dd213c,37495b941da3b1661bc900e68ef3b2c6,격투가(남),眞 넨마스터
cain,8fb4475696310283e40195b39e10edf7,강이인트,53,f6a4ad30555b99b499c07835f87ce522,4ec01f4ae3728c080f28a72213b6df10,프리스트(남),홀리오더
cain,defcdf306b4c0ccf451811ed137ab04c,검정보호지,110,944b9aab492c15a8474f96947ceeb9e4,618326026de1a1f1cfba5dbd0b8396e7,거너(여),眞 런처
cain,6200f86ea02b909f0f272b27dda877be,겁나이쁜애,102,0c1b401bb09241570d364420b3ba3fd7,6d459bc74ba73ee4fe5cdc4655400193,프리스트(여),眞 무녀
cain,3aa7a6f2aa8e22705d2512df1a4d8d3d,게에에에찡,110,3909d0b188e9c95311399f776e331da5,6d459bc74ba73ee4fe5cdc4655400193,마법사(여),眞 배틀메이지
cain,d1ec7e509ff7a61e37ac5b5ef9f8f861,공대퀸비,110,944b9aab492c15a8474f96947ceeb9e4,6d459bc74ba73ee4fe5cdc4655400193,거너(여),眞 메카닉
cain,b3ef5fdafb2d2ed00bf23c7b600e85d6,공허의녹슨슼,110,41f1cdc2ff58bb5fdc287be0db2a8df3,6d459bc74ba73ee4fe5cdc4655400193,귀검사(남),眞 버서커
cain,5d351a64335061bb89af2272ee5079f2,공중의공주,23,944b9aab492c15a8474f96947ceeb9e4,4a1459a4fa3c7f59b6da2e43382ed0b9,거너(여),스핏파이어
cain,a11d04784d4e6bb32a5874c93e8f329e,곽서울,110,0c1b401bb09241570d364420b3ba3fd7,c9b492038ee3ca8d27d7004cf58d59f3,프리스트(여),眞 미스트리스
cain,6115b89c98fd7ca4a96043c55a4fe088,홍대전,110,41f1cdc2ff58bb5fdc287be0db2a8df3,6d459bc74ba73ee4fe5cdc4655400193,귀검사(남),眞 버서커
cain,de42f4fe55b720022a65810f055c85a6,규태공주,51,b9cb48777665de22c006fabaf9a560b3,1ea78ae210f681a799feb4403a5c1e85,아처,트래블러
cain,434c557b090e4de182164d5703f9897c,그냥데몬해요,100,1645c45aabb008c98406b3a16447040d,6d459bc74ba73ee4fe5cdc4655400193,귀검사(여),眞 데몬슬레이어
cain,f1f4bdc1857d8fb0766caba556bc86ba,그녀검제.,110,1645c45aabb008c98406b3a16447040d,c9b492038ee3ca8d27d7004cf58d59f3,귀검사(여),眞 베가본드
cain,be329eb6448be6c6122360b781fea0c9,근거리최강,110,ddc49e9ad1ff72a00b53c6cff5b1e920,6d459bc74ba73ee4fe5cdc4655400193,도적,眞 쿠노이치
cain,729eb98c75326c5826ff0c85c30ccd38,근본이없구나,110,3909d0b188e9c95311399f776e331da5,92da05ec93fb43406e193ffb9a2a629b,마법사(여),眞 인챈트리스
cain,12244b2ffa33a0ee737f72f0d9f22e0c,김상윤마루타,100,1645c45aabb008c98406b3a16447040d,37495b941da3b1661bc900e68ef3b2c6,귀검사(여),眞 소드마스터
cain,d04c929cd4f70099538573a6bce5ad5e,김트봉쓰,110,b9cb48777665de22c006fabaf9a560b3,618326026de1a1f1cfba5dbd0b8396e7,아처,眞 트래블러
cain,1fd09c9ec09b50f15c96b97e6b55e33a,너넨그냥져라,110,b9cb48777665de22c006fabaf9a560b3,618326026de1a1f1cfba5dbd0b8396e7,아처,眞 트래블러
cain,746770e33b9aabd042319849535fc8f5,통나무론,110,41f1cdc2ff58bb5fdc287be0db2a8df3,6d459bc74ba73ee4fe5cdc4655400193,귀검사(남),眞 버서커
cain,20b95ac07e6882b92ad3f8228c546826,넨마배신자,110,a7a059ebe9e6054c0644b40ef316d6e9,37495b941da3b1661bc900e68ef3b2c6,격투가(여),眞 넨마스터
cain,909a9a89cd1cb2070eccb98781e672aa,닝수나한,110,ca0f0e0e9e1d55b5f9955b03d9dd213c,6d459bc74ba73ee4fe5cdc4655400193,격투가(남),眞 스트리트파이터
cain,48569c272e4c0f9eb9b4beb0a4b2c1a6,다섯자루장인,110,41f1cdc2ff58bb5fdc287be0db2a8df3,37495b941da3b1661bc900e68ef3b2c6,귀검사(남),眞 웨펀마스터
cain,c60fc239eb02a0cde4fd22b59cfe11a7,단지반지,110,3909d0b188e9c95311399f776e331da5,c9b492038ee3ca8d27d7004cf58d59f3,마법사(여),眞 마도학자
cain,e32640a793fbd8b2a97dd85e5ca05b0d,달달꿀엘븐,70,0ee8fa5dc525c1a1f23fc6911e921e4a,981d675414f83b926db5f54e5347eec0,나이트,마왕
cain,439ecd4bee246cff89518e75414d77cc,닼랜선,84,3deb7be5f01953ac8b1ecaa1e25e0420,64bbd751c0fcae0e74758b871a2296c1,마창사,에레보스
cain,db7aa61ce3d410ac6c9769a9967a7ed9,대광위,110,0c1b401bb09241570d364420b3ba3fd7,c9b492038ee3ca8d27d7004cf58d59f3,프리스트(여),眞 미스트리스
cain,2df95b79bf7be08c3df703eb14c28f61,ㅅㅓ윤,110,1645c45aabb008c98406b3a16447040d,92da05ec93fb43406e193ffb9a2a629b,귀검사(여),眞 블레이드
cain,3c62b3a35a4927f8d5d90787ed86dd67,ㅈㅣ윤,78,1645c45aabb008c98406b3a16447040d,15ce2751ab9c8302f39636cdb7c3dcfa,귀검사(여),디어사이드
cain,5daedd0d2f9e79e5bbfb84005d061280,던ㅍㅏ,99,41f1cdc2ff58bb5fdc287be0db2a8df3,3ff5b661925ac59d1ca290b05ca914cc,귀검사(남),악귀나찰
cain,86b6291d65f851019f6c7301a7f5203f,던붕민짱,110,a7a059ebe9e6054c0644b40ef316d6e9,618326026de1a1f1cfba5dbd0b8396e7,격투가(여),眞 스트라이커
cain,ba57ead210145aad445025a913d5d858,돌멩석,110,b9cb48777665de22c006fabaf9a560b3,618326026de1a1f1cfba5dbd0b8396e7,아처,眞 트래블러
cain,82f1defafbb9ed81c2f901ca81103bc8,두리총,110,afdf3b989339de478e85b614d274d1ef,618326026de1a1f1cfba5dbd0b8396e7,거너(남),眞 런처
cain,5a529e59b79921b3b4ab30ab11b704c3,듀아르카이시,77,3deb7be5f01953ac8b1ecaa1e25e0420,8022a99e29b5e4845985fe1d79a233f3,마창사,듀란달
cain,636d53eb95bb790648df9fb585766e1a,띵테이커,84,41f1cdc2ff58bb5fdc287be0db2a8df3,64bbd751c0fcae0e74758b871a2296c1,귀검사(남),인다라천
cain,602f9b8d2f30889b41faca664dd4aa99,라르댄댄,110,a7a059ebe9e6054c0644b40ef316d6e9,618326026de1a1f1cfba5dbd0b8396e7,격투가(여),眞 스트라이커
cain,96e65e7a59bc967c425fadf83f8fbcdc,레벨업핵잼,110,ca0f0e0e9e1d55b5f9955b03d9dd213c,618326026de1a1f1cfba5dbd0b8396e7,격투가(남),眞 스트라이커
cain,2d8f580960d97f8711fd6293470c5c68,로현무,110,afdf3b989339de478e85b614d274d1ef,c9b492038ee3ca8d27d7004cf58d59f3,거너(남),眞 스핏파이어
cain,bdd674620e2b8ed31dca952ce6eece5a,롤잘해용,110,afdf3b989339de478e85b614d274d1ef,92da05ec93fb43406e193ffb9a2a629b,거너(남),眞 어썰트
cain,7fb5973bcba689b8c79686a34ded93f1,류소리,110,3909d0b188e9c95311399f776e331da5,37495b941da3b1661bc900e68ef3b2c6,마법사(여),眞 엘레멘탈마스터
cain,81ec6afdf5fcc1af2512c012a8fb5c8e,마스검제,110,1645c45aabb008c98406b3a16447040d,c9b492038ee3ca8d27d7004cf58d59f3,귀검사(여),眞 베가본드
cain,5fe6a7b9a2ebc15f9c38ef628aa955ff,맞선임개폐급,108,41f1cdc2ff58bb5fdc287be0db2a8df3,37495b941da3b1661bc900e68ef3b2c6,귀검사(남),眞 웨펀마스터
cain,65718812e77316a017fd81d104dbd6f4,모묘여,110,afdf3b989339de478e85b614d274d1ef,37495b941da3b1661bc900e68ef3b2c6,거너(남),眞 레인저
cain,574f781215dc91bd7310242b9028ae9a,무적의김랩터,110,944b9aab492c15a8474f96947ceeb9e4,6d459bc74ba73ee4fe5cdc4655400193,거너(여),眞 메카닉
cain,8c9f1c6f2c2a000c5342535b90b479ba,뭉치코,102,a7a059ebe9e6054c0644b40ef316d6e9,618326026de1a1f1cfba5dbd0b8396e7,격투가(여),眞 스트라이커
cain,d6a2a0b82d941a0dfbf9044bbeebee40,뮤즈뻴리,110,b9cb48777665de22c006fabaf9a560b3,37495b941da3b1661bc900e68ef3b2c6,아처,眞 뮤즈
cain,6592a25439b63a45ccdcd4e8f050fe5b,민대한,81,0c1b401bb09241570d364420b3ba3fd7,80ec67d0356defa46a989914caca5820,프리스트(여),세라핌
cain,db6c30d22b63cd51fd84d1528541f18b,바람벚꽃,110,1645c45aabb008c98406b3a16447040d,37495b941da3b1661bc900e68ef3b2c6,귀검사(여),眞 소드마스터
cain,45eddae12a80511c297989c006c73189,박하스할매,110,a5ccbaf5538981c6ef99b236c0a60b73,618326026de1a1f1cfba5dbd0b8396e7,마법사(남),眞 빙결사
cain,c8a3948586127c64d8f203a50570eb73,방사의기둥,110,a5ccbaf5538981c6ef99b236c0a60b73,6d459bc74ba73ee4fe5cdc4655400193,마법사(남),眞 블러드 메이지
cain,ee5b35b2a2563cf53c2d152afc4e62d7,버서커스똬일,110,41f1cdc2ff58bb5fdc287be0db2a8df3,6d459bc74ba73ee4fe5cdc4655400193,귀검사(남),眞 버서커
cain,c5c30ef066351b0a8ec5d3eb0e6aa3c5,버프뿜뿜뿜,110,f6a4ad30555b99b499c07835f87ce522,37495b941da3b1661bc900e68ef3b2c6,프리스트(남),眞 크루세이더
cain,31a4a9096ff97689a7529de18816dacb,버프줏세요,110,f6a4ad30555b99b499c07835f87ce522,37495b941da3b1661bc900e68ef3b2c6,프리스트(남),眞 크루세이더
cain,7cbba6830fac80afb824f7ef21053d6e,벅구링딩동,110,b9cb48777665de22c006fabaf9a560b3,618326026de1a1f1cfba5dbd0b8396e7,아처,眞 트래블러
cain,4d2d9b671090191707ff896005d8e0e3,벤행,100,f6a4ad30555b99b499c07835f87ce522,c9b492038ee3ca8d27d7004cf58d59f3,프리스트(남),眞 어벤저
cain,5d0ccb5f176c5c4b43266cf1d609947a,봉하하하,100,41f1cdc2ff58bb5fdc287be0db2a8df3,92da05ec93fb43406e193ffb9a2a629b,귀검사(남),眞 검귀
cain,58d9d05ee7edb03847d1997c1e18f7f1,봉힝,110,a5ccbaf5538981c6ef99b236c0a60b73,37495b941da3b1661bc900e68ef3b2c6,마법사(남),眞 엘레멘탈 바머
cain,4db05127b0b423653bcb3bb9dc6d9c60,부산살쾡이,110,944b9aab492c15a8474f96947ceeb9e4,6d459bc74ba73ee4fe5cdc4655400193,거너(여),眞 메카닉
cain,079a8f74e149dbe796373aaccd522dfa,불꽃불꽃,110,ca0f0e0e9e1d55b5f9955b03d9dd213c,618326026de1a1f1cfba5dbd0b8396e7,격투가(남),眞 스트라이커
cain,36b3d3d3b7751d87af468f7bd11cf219,브레브레,110,1645c45aabb008c98406b3a16447040d,92da05ec93fb43406e193ffb9a2a629b,귀검사(여),眞 블레이드
cain,ad81750c93a4e981739c175431bb5ff7,팔라링링,110,0ee8fa5dc525c1a1f23fc6911e921e4a,6d459bc74ba73ee4fe5cdc4655400193,나이트,眞 팔라딘
cain,bd9091cf71f1e26f7512925c66f85ed1,지니링링,110,3909d0b188e9c95311399f776e331da5,c9b492038ee3ca8d27d7004cf58d59f3,마법사(여),眞 마도학자
cain,6bf025b1f1215dc11341d7bd8d20d284,음유링링,110,b9cb48777665de22c006fabaf9a560b3,37495b941da3b1661bc900e68ef3b2c6,아처,眞 뮤즈
cain,35c18dce637ad387405f8b8768ac1457,서커곤이,110,41f1cdc2ff58bb5fdc287be0db2a8df3,6d459bc74ba73ee4fe5cdc4655400193,귀검사(남),眞 버서커
cain,ca37e83f73e5d938401442ab0574451a,서브트블,110,b9cb48777665de22c006fabaf9a560b3,618326026de1a1f1cfba5dbd0b8396e7,아처,眞 트래블러
cain,99fe4b3686b56ef6cc7fb4f126409c78,샤코3위,110,3deb7be5f01953ac8b1ecaa1e25e0420,c9b492038ee3ca8d27d7004cf58d59f3,마창사,眞 다크 랜서
cain,124cd9ee38efccad92a7657711b65be3,살인해버리기,78,ddc49e9ad1ff72a00b53c6cff5b1e920,64bbd751c0fcae0e74758b871a2296c1,도적,그림리퍼
cain,5acbc24cc05e760355896cd5581d510b,사휼:,110,b9cb48777665de22c006fabaf9a560b3,618326026de1a1f1cfba5dbd0b8396e7,아처,眞 트래블러
cain,49ddf3c492e7ce05fef1732202f173f5,사타는꼬순내,110,f6a4ad30555b99b499c07835f87ce522,37495b941da3b1661bc900e68ef3b2c6,프리스트(남),眞 크루세이더
cain,d83108e6bf0e21079e93fa59a7bde8ed,사사키신겐,85,41f1cdc2ff58bb5fdc287be0db2a8df3,8022a99e29b5e4845985fe1d79a233f3,귀검사(남),다크로드
cain,8f7fd18bfc8450064bac90b40201ceaa,브로링링,110,944b9aab492c15a8474f96947ceeb9e4,618326026de1a1f1cfba5dbd0b8396e7,거너(여),眞 런처
diregie,0059d521b3f5e781a2cb08589ea3eee6,124ㅑ012ㅛ9,34,b9cb48777665de22c006fabaf9a560b3,1ea78ae210f681a799feb4403a5c1e85,아처,트래블러
diregie,137526fa1a747f1414683d0fdd310585,buffermuser,110,b9cb48777665de22c006fabaf9a560b3,37495b941da3b1661bc900e68ef3b2c6,아처,眞 뮤즈
diregie,ff61ef2a29e7b5fe64d9bab4e0fa8526,wss32ww,84,a5ccbaf5538981c6ef99b236c0a60b73,1ea40db11ff66e70bcb0add7fae44cdb,마법사(남),마법사(남)
diregie,7a9c4075107a7d86c7478412ad6b77c1,고운말_48234,110,3909d0b188e9c95311399f776e331da5,92da05ec93fb43406e193ffb9a2a629b,마법사(여),眞 인챈트리스
diregie,b3a4e78e6d3dfc1c3399e980633b0861,나도버퍼,110,0c1b401bb09241570d364420b3ba3fd7,37495b941da3b1661bc900e68ef3b2c6,프리스트(여),眞 크루세이더
diregie,55c0b0c6ee2f0af96936c47bc7ec2266,떠옹베가,110,1645c45aabb008c98406b3a16447040d,c9b492038ee3ca8d27d7004cf58d59f3,귀검사(여),眞 베가본드
diregie,d9081345b9f1392f53b106b73fe7d4c2,떠옹뮤즈,110,b9cb48777665de22c006fabaf9a560b3,37495b941da3b1661bc900e68ef3b2c6,아처,眞 뮤즈
diregie,da8d13175614afa8f535a39995b29523,떠옹남런처,70,afdf3b989339de478e85b614d274d1ef,981d675414f83b926db5f54e5347eec0,거너(남),블래스터
diregie,68d3ff321a5ad541dc03a80d634284b7,락우드,110,1645c45aabb008c98406b3a16447040d,37495b941da3b1661bc900e68ef3b2c6,귀검사(여),眞 소드마스터
diregie,182bd21092ef200ce37c91c803875ad2,하나하나큥♥,110,0c1b401bb09241570d364420b3ba3fd7,37495b941da3b1661bc900e68ef3b2c6,프리스트(여),眞 크루세이더
diregie,b1a01edee7ef71515c18cfa4aa05d505,펭귄왕국혈귀,110,41f1cdc2ff58bb5fdc287be0db2a8df3,6d459bc74ba73ee4fe5cdc4655400193,귀검사(남),眞 버서커
diregie,aefc5333b8319a738ab79d4d49275770,펭귄왕국뮤즈,110,b9cb48777665de22c006fabaf9a560b3,37495b941da3b1661bc900e68ef3b2c6,아처,眞 뮤즈
diregie,60a8830a0508c47d600b8f2e8c8f6931,펭귄왕국무신,110,a7a059ebe9e6054c0644b40ef316d6e9,618326026de1a1f1cfba5dbd0b8396e7,격투가(여),眞 스트라이커
diregie,79f1c37989877650df6b45514fbddb07,펭귄왕국독왕,110,a7a059ebe9e6054c0644b40ef316d6e9,6d459bc74ba73ee4fe5cdc4655400193,격투가(여),眞 스트리트파이터
diregie,7ee6affca61cfb17be3edcf69f45f48c,펭귄왕국갓경,110,944b9aab492c15a8474f96947ceeb9e4,6d459bc74ba73ee4fe5cdc4655400193,거너(여),眞 메카닉
diregie,8ee693702cf2aca73c55eb08d9fbf021,리스.,110,0c1b401bb09241570d364420b3ba3fd7,37495b941da3b1661bc900e68ef3b2c6,프리스트(여),眞 크루세이더
diregie,3a437e16a1eadf84ac4c9ba2fc165503,셀레나이활,110,b9cb48777665de22c006fabaf9a560b3,618326026de1a1f1cfba5dbd0b8396e7,아처,眞 트래블러
diregie,24fd5ac06b9f44de13e6b1629a965dc9,선궁수,110,b9cb48777665de22c006fabaf9a560b3,618326026de1a1f1cfba5dbd0b8396e7,아처,眞 트래블러
diregie,dea9ec838c0b26c104c277f5344a6ffa,빵구뿡쁭,110,1645c45aabb008c98406b3a16447040d,c9b492038ee3ca8d27d7004cf58d59f3,귀검사(여),眞 베가본드
prey,4549f7901e56d58cb86efbf7ab8d8aa7,15간다ㄱ,110,41f1cdc2ff58bb5fdc287be0db2a8df3,92da05ec93fb43406e193ffb9a2a629b,귀검사(남),眞 검귀
prey,2fa725f418f7d0f0cab054d51e77a4d3,51단계,110,f6a4ad30555b99b499c07835f87ce522,37495b941da3b1661bc900e68ef3b2c6,프리스트(남),眞 크루세이더
prey,e9e42cf23ebcfe70a7238c92c666d61c,1Level,110,afdf3b989339de478e85b614d274d1ef,618326026de1a1f1cfba5dbd0b8396e7,거너(남),眞 런처
prey,d1b98e7e814b9f110c6644f9880748ff,Jellybeam,110,3909d0b188e9c95311399f776e331da5,37495b941da3b1661bc900e68ef3b2c6,마법사(여),眞 엘레멘탈마스터
prey,465bebd8c7e499f909d0e5197d460280,Ol동사격,110,944b9aab492c15a8474f96947ceeb9e4,37495b941da3b1661bc900e68ef3b2c6,거너(여),眞 레인저
prey,d41a075d8d4dae2d6c5639454b1356f1,asd6asd6,110,ca0f0e0e9e1d55b5f9955b03d9dd213c,618326026de1a1f1cfba5dbd0b8396e7,격투가(남),眞 스트라이커
prey,56158691a6c79f354507aee28f28551a,asd4asd4,110,f6a4ad30555b99b499c07835f87ce522,37495b941da3b1661bc900e68ef3b2c6,프리스트(남),眞 크루세이더
prey,8866f19fbaa9bc5a27d025f749748fc4,skaa,110,a7a059ebe9e6054c0644b40ef316d6e9,618326026de1a1f1cfba5dbd0b8396e7,격투가(여),眞 스트라이커
prey,6bf6aa1538c1470ce29131db55aa5a20,발리로그,100,ddc49e9ad1ff72a00b53c6cff5b1e920,37495b941da3b1661bc900e68ef3b2c6,도적,眞 로그
prey,6b254f6f70684e931ab8c8a102d35052,fradwq,110,41f1cdc2ff58bb5fdc287be0db2a8df3,618326026de1a1f1cfba5dbd0b8396e7,귀검사(남),眞 소울브링어
prey,a6d39485017c305025263d74e8bbd507,sk매직쓰레기,110,b9cb48777665de22c006fabaf9a560b3,618326026de1a1f1cfba5dbd0b8396e7,아처,眞 트래블러
prey,e9d3af4c5fccfa01273da76b8128d7fc,우주검사검성,110,41f1cdc2ff58bb5fdc287be0db2a8df3,37495b941da3b1661bc900e68ef3b2c6,귀검사(남),眞 웨펀마스터
prey,1037e7503c410466d554b1fed925c2cb,들어와힐줄게,110,3909d0b188e9c95311399f776e331da5,92da05ec93fb43406e193ffb9a2a629b,마법사(여),眞 인챈트리스
prey,22ced254c798ae57956e632169341f8e,拳魔鬪神,110,a7a059ebe9e6054c0644b40ef316d6e9,618326026de1a1f1cfba5dbd0b8396e7,격투가(여),眞 스트라이커
prey,5d1370b241ae054e6fad607447ea4cbc,狂富,110,a5ccbaf5538981c6ef99b236c0a60b73,c9b492038ee3ca8d27d7004cf58d59f3,마법사(남),眞 스위프트 마스터
prey,db31d24b141c484d601e2085bc35bb0d,구기태형님,110,ddc49e9ad1ff72a00b53c6cff5b1e920,6d459bc74ba73ee4fe5cdc4655400193,도적,眞 쿠노이치
prey,c821d092341232b1a921f0d2e869c2af,뀨뀨웨펀,110,41f1cdc2ff58bb5fdc287be0db2a8df3,37495b941da3b1661bc900e68ef3b2c6,귀검사(남),眞 웨펀마스터
prey,0c66db862741e8f5a7536402101d2758,나는닼템키울,110,1645c45aabb008c98406b3a16447040d,618326026de1a1f1cfba5dbd0b8396e7,귀검사(여),眞 다크템플러
prey,2f0363aa9f019de5a5cc0410a8e3ba06,나이트의희망,81,0ee8fa5dc525c1a1f23fc6911e921e4a,faf8fc6f0cd4c0f84f0035e23bd4fa19,나이트,타이런트
prey,a5c309d00dc3898b46058bbce443f354,느극맘스터치,110,ca0f0e0e9e1d55b5f9955b03d9dd213c,37495b941da3b1661bc900e68ef3b2c6,격투가(남),眞 넨마스터
prey,beb423f682f040cf94d3f206f25e25d2,뜨면함,110,986c2b3d72ee0e4a0b7fcfbe786d4e02,618326026de1a1f1cfba5dbd0b8396e7,총검사,眞 요원
prey,877640258bcad3f9f2ffd4f7e97966c6,류먈,110,41f1cdc2ff58bb5fdc287be0db2a8df3,37495b941da3b1661bc900e68ef3b2c6,귀검사(남),眞 웨펀마스터
prey,37cb7693b1cba6873c07d3c39cbdc5a4,마크제이콦스,110,3909d0b188e9c95311399f776e331da5,c9b492038ee3ca8d27d7004cf58d59f3,마법사(여),眞 마도학자
prey,8c8603aed79f9466665e00d9cd9c234e,뮤즈가뭐쥬,110,b9cb48777665de22c006fabaf9a560b3,37495b941da3b1661bc900e68ef3b2c6,아처,眞 뮤즈
prey,238fc324cec10c22973fdcb19b3df905,민시라핌,110,0c1b401bb09241570d364420b3ba3fd7,37495b941da3b1661bc900e68ef3b2c6,프리스트(여),眞 크루세이더
prey,6c806ca7308af1442de59fa836510778,부캐라이더,83,f6a4ad30555b99b499c07835f87ce522,80ec67d0356defa46a989914caca5820,프리스트(남),세인트
prey,11e8fad2ad9081687ac0e1197c29b482,배민과앙부,110,a7a059ebe9e6054c0644b40ef316d6e9,37495b941da3b1661bc900e68ef3b2c6,격투가(여),眞 넨마스터
casillas,1b7ea4018e3cc8e01bb82dc6e14a926e,12강화권,50,0ee8fa5dc525c1a1f23fc6911e921e4a,a9a4ef4552d46e39cf6c874a51126410,나이트,팔라딘
casillas,f3bbb48a0a7dc17b5ea43e79b2d5ff8e,생숨마결,23,0ee8fa5dc525c1a1f23fc6911e921e4a,a9a4ef4552d46e39cf6c874a51126410,나이트,팔라딘
casillas,d5d0c19205cdbb3330c804ccbe2ee9ca,AllMite,110,f6a4ad30555b99b499c07835f87ce522,618326026de1a1f1cfba5dbd0b8396e7,프리스트(남),眞 인파이터
casillas,f8a6dc8eb92c0d14b18b513065a57d57,노란색요루로,102,986c2b3d72ee0e4a0b7fcfbe786d4e02,37495b941da3b1661bc900e68ef3b2c6,총검사,眞 히트맨
casillas,c954b8295b9aef664f5fc39167fab1f1,눈꽃로봇2,101,afdf3b989339de478e85b614d274d1ef,15ce2751ab9c8302f39636cdb7c3dcfa,거너(남),프라임
casillas,95a29d9a3cbee29ae354fe28e7a0a150,댄찍,100,ddc49e9ad1ff72a00b53c6cff5b1e920,c9b492038ee3ca8d27d7004cf58d59f3,도적,眞 섀도우댄서
casillas,417397e9f1b1b7e8247fabe122f77714,마창마악,99,3deb7be5f01953ac8b1ecaa1e25e0420,80ec67d0356defa46a989914caca5820,마창사,워로드
casillas,aa0fc052694fba0e66d84b3e5cb01d46,물마시는Jun,110,b9cb48777665de22c006fabaf9a560b3,618326026de1a1f1cfba5dbd0b8396e7,아처,眞 트래블러
casillas,30df4499bed4731262ecc16055cf2cfc,셰릭,110,986c2b3d72ee0e4a0b7fcfbe786d4e02,618326026de1a1f1cfba5dbd0b8396e7,총검사,眞 요원
casillas,06f7f12c0a5e0a568e92173eacb73eeb,서기기옹,110,3909d0b188e9c95311399f776e331da5,92da05ec93fb43406e193ffb9a2a629b,마법사(여),眞 인챈트리스
casillas,7a6998c8f805a401c283de5627463af7,백커의왕,110,41f1cdc2ff58bb5fdc287be0db2a8df3,618326026de1a1f1cfba5dbd0b8396e7,귀검사(남),眞 소울브링어
hilder,69e9b1a58785cb0fa44e70ff1df5ad6b,01:하악,110,1645c45aabb008c98406b3a16447040d,6d459bc74ba73ee4fe5cdc4655400193,귀검사(여),眞 데몬슬레이어
hilder,44b1b90365d0c37cbab74337c7aa7c93,FOX레이드,56,1645c45aabb008c98406b3a16447040d,a59ba19824dc3292b6075e29b3862ad3,귀검사(여),블레이드
hilder,8e264cd2c0733e3c53e89167789f26f2,Ghost_bama,110,3909d0b188e9c95311399f776e331da5,6d459bc74ba73ee4fe5cdc4655400193,마법사(여),眞 배틀메이지
hilder,57484fcef90145fc8fa5be3c849c592e,elroux,110,afdf3b989339de478e85b614d274d1ef,618326026de1a1f1cfba5dbd0b8396e7,거너(남),眞 런처
hilder,5c1707b6ab8dd4ea33af1fff18a3c210,foxhead,110,b9cb48777665de22c006fabaf9a560b3,618326026de1a1f1cfba5dbd0b8396e7,아처,眞 트래블러
hilder,64b2d9f2f9b6287de506559045d8a37b,곰랜서,110,3deb7be5f01953ac8b1ecaa1e25e0420,c9b492038ee3ca8d27d7004cf58d59f3,마창사,眞 다크 랜서
hilder,e7907d5c7efa42485ad58fc8948dd982,그래플려,110,a7a059ebe9e6054c0644b40ef316d6e9,c9b492038ee3ca8d27d7004cf58d59f3,격투가(여),眞 그래플러
hilder,9d2e451ba6b7c8cf12723eb671bd5b05,꽁쿠루,110,ddc49e9ad1ff72a00b53c6cff5b1e920,6d459bc74ba73ee4fe5cdc4655400193,도적,眞 쿠노이치
hilder,fc9aa5cb21802276c3f4049b15f0c84f,내아르나도,110,41f1cdc2ff58bb5fdc287be0db2a8df3,37495b941da3b1661bc900e68ef3b2c6,귀검사(남),眞 웨펀마스터
hilder,4678b01615d01610be541f96be753cdc,블레우니,100,1645c45aabb008c98406b3a16447040d,92da05ec93fb43406e193ffb9a2a629b,귀검사(여),眞 블레이드
hilder,f1c8747171191456a2284b0e7fa6143a,볘드,110,1645c45aabb008c98406b3a16447040d,c9b492038ee3ca8d27d7004cf58d59f3,귀검사(여),眞 베가본드
anton,e145360905e3e79cbb43605bd5283391,gb-00,110,b9cb48777665de22c006fabaf9a560b3,37495b941da3b1661bc900e68ef3b2c6,아처,眞 뮤즈
anton,fcb790b2527d1272fc544b1a3ae2d9d1,pace춫,90,ddc49e9ad1ff72a00b53c6cff5b1e920,64bbd751c0fcae0e74758b871a2296c1,도적,그림리퍼
anton,b691b3bdce8012d91e144eae78bc346d,간호사령,83,ddc49e9ad1ff72a00b53c6cff5b1e920,8022a99e29b5e4845985fe1d79a233f3,도적,타나토스
anton,c1b8381d9b0f78f9223adaa0c743cafe,고운말_43545,110,1645c45aabb008c98406b3a16447040d,92da05ec93fb43406e193ffb9a2a629b,귀검사(여),眞 블레이드
anton,5558aea62154a4db118c456c5c6f62d1,구글문화,110,f6a4ad30555b99b499c07835f87ce522,37495b941da3b1661bc900e68ef3b2c6,프리스트(남),眞 크루세이더
anton,3978a689cf0d910749de484f895a9d5a,구글인증,110,41f1cdc2ff58bb5fdc287be0db2a8df3,c9b492038ee3ca8d27d7004cf58d59f3,귀검사(남),眞 아수라
anton,36e7e4d6b174320aacdf8503eb8eb4b7,세계수가이아,105,0ee8fa5dc525c1a1f23fc6911e921e4a,37495b941da3b1661bc900e68ef3b2c6,나이트,眞 엘븐나이트
anton,cdd754366ebb22e768bbe09ec8891aa4,블레이드_S2,110,1645c45aabb008c98406b3a16447040d,92da05ec93fb43406e193ffb9a2a629b,귀검사(여),眞 블레이드
anton,0654608a417237d2891ca05c1cf62ba6,나훈2,95,1645c45aabb008c98406b3a16447040d,3ff5b661925ac59d1ca290b05ca914cc,귀검사(여),벤데타
bakal,fec447b6a46dc4516a2f088ce099ad19,0ㅣ도류,110,41f1cdc2ff58bb5fdc287be0db2a8df3,6d459bc74ba73ee4fe5cdc4655400193,귀검사(남),眞 버서커
bakal,646f39fce57b314df8224ca545057ec8,독룡이,110,a7a059ebe9e6054c0644b40ef316d6e9,6d459bc74ba73ee4fe5cdc4655400193,격투가(여),眞 스트리트파이터
bakal,b1ebf46d94e539093906cc38b9e5d1d4,8월이시져~☆,102,a5ccbaf5538981c6ef99b236c0a60b73,92da05ec93fb43406e193ffb9a2a629b,마법사(남),眞 디멘션워커
bakal,42b2bbd9adc500f9b2b3cb72b0086612,@@tlsrlgus58,110,3deb7be5f01953ac8b1ecaa1e25e0420,c9b492038ee3ca8d27d7004cf58d59f3,마창사,眞 다크 랜서
bakal,83e9b5adefcb2fd677f2649efacb8fd9,tlsrlgus589,20,0c1b401bb09241570d364420b3ba3fd7,df3870efe8e8754011cd12fa03cd275f,프리스트(여),크루세이더
bakal,8a2e76f4efa1a2f2b9e417790c09a0dc,댜권댜권,110,0ee8fa5dc525c1a1f23fc6911e921e4a,618326026de1a1f1cfba5dbd0b8396e7,나이트,眞 카오스
bakal,2336426b3c9944389f63d50b11d90958,딸랭이,75,3909d0b188e9c95311399f776e331da5,3ff5b661925ac59d1ca290b05ca914cc,마법사(여),헤카테
bakal,0ca26fd235bf1f2513baa29561d5fcb9,로드아이28,110,3909d0b188e9c95311399f776e331da5,618326026de1a1f1cfba5dbd0b8396e7,마법사(여),眞 소환사
bakal,b0722d6fb098ce5bf7a274e5b48ecf14,로드아이3,110,3909d0b188e9c95311399f776e331da5,618326026de1a1f1cfba5dbd0b8396e7,마법사(여),眞 소환사
bakal,85070980bd6c5256c459eb03f40742cf,메론소녀~^^*,110,3909d0b188e9c95311399f776e331da5,92da05ec93fb43406e193ffb9a2a629b,마법사(여),眞 인챈트리스
bakal,3cba74f537ba2a693d22e30436a1eabd,락슈마~*,100,0ee8fa5dc525c1a1f23fc6911e921e4a,15ce2751ab9c8302f39636cdb7c3dcfa,나이트,세이비어
bakal,d61fcc26d07a79126b057483ffa88442,멘헤라온나,110,ddc49e9ad1ff72a00b53c6cff5b1e920,618326026de1a1f1cfba5dbd0b8396e7,도적,眞 사령술사
bakal,3342e95815117fc0e5d5f061653d22c9,뮤즈(23세),110,b9cb48777665de22c006fabaf9a560b3,37495b941da3b1661bc900e68ef3b2c6,아처,眞 뮤즈
bakal,53d71b4f817e9e8aa7531044fece30b8,민트는경멸,110,a7a059ebe9e6054c0644b40ef316d6e9,37495b941da3b1661bc900e68ef3b2c6,격투가(여),眞 넨마스터
bakal,ab64878158e7e9dba40a82f804543439,밍쨩2,110,b9cb48777665de22c006fabaf9a560b3,618326026de1a1f1cfba5dbd0b8396e7,아처,眞 트래블러
bakal,70d27582f99b7b65dd447d2be682072d,방학숙제2호,110,0c1b401bb09241570d364420b3ba3fd7,37495b941da3b1661bc900e68ef3b2c6,프리스트(여),眞 크루세이더
bakal,2668dfdce58fa56fa682422aca354252,방학숙제6호,79,3deb7be5f01953ac8b1ecaa1e25e0420,15ce2751ab9c8302f39636cdb7c3dcfa,마창사,제노사이더
bakal,1a5693c02fec3b39be6a17051d6724c6,방학숙제5호,80,a5ccbaf5538981c6ef99b236c0a60b73,3ff5b661925ac59d1ca290b05ca914cc,마법사(남),어센션
bakal,672bb50d85497d2e2dfa0fbff4604706,방학숙제4호,81,986c2b3d72ee0e4a0b7fcfbe786d4e02,8022a99e29b5e4845985fe1d79a233f3,총검사,레퀴엠
bakal,2b5d16423e7ffa7a018c23d3337676dc,방학숙제3호,95,944b9aab492c15a8474f96947ceeb9e4,80ec67d0356defa46a989914caca5820,거너(여),크림슨로제
bakal,e5efd70ab027bb07ca43d18fcb289f94,방학숙제1번,110,b9cb48777665de22c006fabaf9a560b3,618326026de1a1f1cfba5dbd0b8396e7,아처,眞 트래블러
bakal,576b527f75a4dc0a59a8d8da7d4e2bed,뼈삯,110,a5ccbaf5538981c6ef99b236c0a60b73,92da05ec93fb43406e193ffb9a2a629b,마법사(남),眞 디멘션워커
bakal,b5e2302c78f5e2f4e7746631b8a894b7,빼꼼뽀짝~♡,110,3909d0b188e9c95311399f776e331da5,618326026de1a1f1cfba5dbd0b8396e7,마법사(여),眞 소환사
bakal,b386bd68336c8b8c73189b9644e9ccb4,비욘세~♡,110,3909d0b188e9c95311399f776e331da5,92da05ec93fb43406e193ffb9a2a629b,마법사(여),眞 인챈트리스
bakal,98db7205b4de9ddf9e55c9db1d8743fb,븝미비켜,110,b522a95d819a5559b775deb9a490e49a,0a49d9c8b5e1358efff324e5cb11d41e,크리에이터,眞 크리에이터
bakal,db6f1d8ba871982698104fa72f36025b,든소나,84,b9cb48777665de22c006fabaf9a560b3,80ec67d0356defa46a989914caca5820,아처,트렌드세터
bakal,891bdea9116d10170a33647df347e619,불닭요원,110,986c2b3d72ee0e4a0b7fcfbe786d4e02,618326026de1a1f1cfba5dbd0b8396e7,총검사,眞 요원
